"x1i10hfl href","x15mokao src","a","b","d","x193iq5w 2"
"https://www.facebook.com/marketplace/item/4310506312600190/?ref=category_feed&referral_code=undefined&referral_story_type=listing&tracking=%7B%22qid%22%3A%22-7856612560392011170%22%2C%22mf_story_key%22%3A%2232672108889101684%22%2C%22commerce_rank_obj%22%3A%22%7B%5C%22target_id%5C%22%3A32672108889101684%2C%5C%22target_type%5C%22%3A0%2C%5C%22primary_position%5C%22%3A0%2C%5C%22ranking_signature%5C%22%3A3636332455793815165%2C%5C%22ranking_request_id%5C%22%3A8962385051695390232%2C%5C%22commerce_channel%5C%22%3A504%2C%5C%22value%5C%22%3A0.00014105177523921%2C%5C%22candidate_retrieval_source_map%5C%22%3A%7B%5C%2232672108889101684%5C%22%3A111%7D%7D%22%7D&__tn__=!%3AD","https://scontent.fsyd14-1.fna.fbcdn.net/v/t39.30808-6/592250568_24704730679206520_2902912433264907380_n.jpg?stp=c0.167.1542.1542a_dst-jpg_s261x260_tt6&_nc_cat=101&_nc_cb=99be929b-f3b7c874&ccb=1-7&_nc_sid=454cf4&_nc_ohc=BtEGKB9RNuIQ7kNvwF3VGJP&_nc_oc=Adn5417JflAKDBeZmMVN3e8CW7gm_NFpeUO5QwECr-lkElItg3_KGN2tFI9YWHqRRJ4&_nc_zt=23&_nc_ht=scontent.fsyd14-1.fna&_nc_gid=jA5scHcs6F4zgE5O_LBOVw&oh=00_AflGwThicBYRIyzhqx9GTpt9iXvnmOGpOVLm80c-lWzqTA&oe=69354373","AU$5,200","2008 Mazda 3","205K km",""
"https://www.facebook.com/marketplace/item/2591983241200672/?ref=category_feed&referral_code=undefined&referral_story_type=listing&tracking=%7B%22qid%22%3A%22-7856612560392011170%22%2C%22mf_story_key%22%3A%2225778059958458940%22%2C%22commerce_rank_obj%22%3A%22%7B%5C%22target_id%5C%22%3A25778059958458940%2C%5C%22target_type%5C%22%3A0%2C%5C%22primary_position%5C%22%3A1%2C%5C%22ranking_signature%5C%22%3A3636332455793815165%2C%5C%22ranking_request_id%5C%22%3A8962385051695390232%2C%5C%22commerce_channel%5C%22%3A504%2C%5C%22value%5C%22%3A0.00010294495210562%2C%5C%22candidate_retrieval_source_map%5C%22%3A%7B%5C%2225778059958458940%5C%22%3A111%7D%7D%22%7D&__tn__=!%3AD","https://scontent.fsyd14-1.fna.fbcdn.net/v/t39.30808-6/594963976_10163613254594717_2792815262141741121_n.jpg?stp=c0.143.1320.1320a_dst-jpg_s261x260_tt6&_nc_cat=109&_nc_cb=99be929b-f3b7c874&ccb=1-7&_nc_sid=454cf4&_nc_ohc=WhZNjayqzqoQ7kNvwGWTIJD&_nc_oc=AdlnlQYm1y6qse5mDeapGJS6Xnpswz6Eok5HLJZvMKemGRgS1SPa2aJ1lU49Jd51Iw4&_nc_zt=23&_nc_ht=scontent.fsyd14-1.fna&_nc_gid=jA5scHcs6F4zgE5O_LBOVw&oh=00_AfnTkt5amru7R5mE5nvC8swrt3-K1zSzU-poa-Vfv25o0A&oe=69354643","AU$2,800","2007 Mazda 3","175K km",""
"https://www.facebook.com/marketplace/item/1418922746240705/?ref=category_feed&referral_code=undefined&referral_story_type=listing&tracking=%7B%22qid%22%3A%22-7856612560392011170%22%2C%22mf_story_key%22%3A%2226334278399495467%22%2C%22commerce_rank_obj%22%3A%22%7B%5C%22target_id%5C%22%3A26334278399495467%2C%5C%22target_type%5C%22%3A0%2C%5C%22primary_position%5C%22%3A2%2C%5C%22ranking_signature%5C%22%3A3636332455793815165%2C%5C%22ranking_request_id%5C%22%3A8962385051695390232%2C%5C%22commerce_channel%5C%22%3A504%2C%5C%22value%5C%22%3A0.00028317946248568%2C%5C%22candidate_retrieval_source_map%5C%22%3A%7B%5C%2226334278399495467%5C%22%3A111%7D%7D%22%7D&__tn__=!%3AD","https://scontent.fsyd14-1.fna.fbcdn.net/v/t39.30808-6/592097361_10163417537853164_5694718815534862800_n.jpg?stp=c136.0.816.816a_dst-jpg_s261x260_tt6&_nc_cat=104&_nc_cb=99be929b-f3b7c874&ccb=1-7&_nc_sid=454cf4&_nc_ohc=jbZFwVRKBQkQ7kNvwFCucYY&_nc_oc=Admor96a-w_oypTGJFTspGJ-96ha2pZzOl8zpcYZ55PK8oJ8uwQ2CtC8AqyT9jCMJ5o&_nc_zt=23&_nc_ht=scontent.fsyd14-1.fna&_nc_gid=jA5scHcs6F4zgE5O_LBOVw&oh=00_Afkyd3IuwuFzQ51tnnIH24r-ss9WetCEDbsWFKc2c3raVQ&oe=6935488C","AU$15,000","2012 Mazda 3","70K km",""
"https://www.facebook.com/marketplace/item/1389347015882065/?ref=category_feed&referral_code=undefined&referral_story_type=listing&tracking=%7B%22qid%22%3A%22-7856612560392011170%22%2C%22mf_story_key%22%3A%2225180669218265353%22%2C%22commerce_rank_obj%22%3A%22%7B%5C%22target_id%5C%22%3A25180669218265353%2C%5C%22target_type%5C%22%3A0%2C%5C%22primary_position%5C%22%3A4%2C%5C%22ranking_signature%5C%22%3A3636332455793815165%2C%5C%22ranking_request_id%5C%22%3A8962385051695390232%2C%5C%22commerce_channel%5C%22%3A504%2C%5C%22value%5C%22%3A5.5702567547363e-5%2C%5C%22candidate_retrieval_source_map%5C%22%3A%7B%5C%2225180669218265353%5C%22%3A111%7D%7D%22%7D&__tn__=!%3AD","https://scontent.fsyd14-1.fna.fbcdn.net/v/t39.30808-6/592730337_122170866752584056_6080569365642674670_n.jpg?stp=c516.0.888.888a_dst-jpg_s261x260_tt6&_nc_cat=107&_nc_cb=99be929b-f3b7c874&ccb=1-7&_nc_sid=454cf4&_nc_ohc=cuYCsCILB_sQ7kNvwGFKYgH&_nc_oc=AdlCIGnONkQ-S6jBUaPrQ2HwivAXyolDpe8dY17TMvq59qx8fMS9HyCJYx48WqSDzQw&_nc_zt=23&_nc_ht=scontent.fsyd14-1.fna&_nc_gid=jA5scHcs6F4zgE5O_LBOVw&oh=00_Afkjzt0T4SAEutAC9bzJrtrmINnmIIn2WkTsMTgIIVWpXg&oe=69353413","AU$1,300","2011 Mazda 3","171K km",""
"https://www.facebook.com/marketplace/item/1463480981423723/?ref=category_feed&referral_code=undefined&referral_story_type=listing&tracking=%7B%22qid%22%3A%22-7856612560392011170%22%2C%22mf_story_key%22%3A%2225688004080833563%22%2C%22commerce_rank_obj%22%3A%22%7B%5C%22target_id%5C%22%3A25688004080833563%2C%5C%22target_type%5C%22%3A0%2C%5C%22primary_position%5C%22%3A5%2C%5C%22ranking_signature%5C%22%3A3636332455793815165%2C%5C%22ranking_request_id%5C%22%3A8962385051695390232%2C%5C%22commerce_channel%5C%22%3A504%2C%5C%22value%5C%22%3A4.5801858126894e-5%2C%5C%22candidate_retrieval_source_map%5C%22%3A%7B%5C%2225688004080833563%5C%22%3A111%7D%7D%22%7D&__tn__=!%3AD","https://scontent.fsyd14-1.fna.fbcdn.net/v/t39.30808-6/592374325_1905849310002239_4647654408330623841_n.jpg?stp=c0.169.1536.1536a_dst-jpg_s261x260_tt6&_nc_cat=108&_nc_cb=99be929b-f3b7c874&ccb=1-7&_nc_sid=454cf4&_nc_ohc=EUMpbFKWPgkQ7kNvwHavC9O&_nc_oc=AdloitEJjccqkQOGb_VC5OXbOo68wW0ttTjLivaNYt3uXF_ZunPnLMhlII434gWlfsA&_nc_zt=23&_nc_ht=scontent.fsyd14-1.fna&_nc_gid=jA5scHcs6F4zgE5O_LBOVw&oh=00_Afmu14Lgdm3GRhYPhbu3DsdNvLPOX6QjHtv80Lb-Tt1Ahw&oe=6935571F","AU$8,500","2011 Mazda 3","146K km",""
"https://www.facebook.com/marketplace/item/1349181343535719/?ref=category_feed&referral_code=undefined&referral_story_type=listing&tracking=%7B%22qid%22%3A%22-7856612560392011170%22%2C%22mf_story_key%22%3A%2226395906119998398%22%2C%22commerce_rank_obj%22%3A%22%7B%5C%22target_id%5C%22%3A26395906119998398%2C%5C%22target_type%5C%22%3A0%2C%5C%22primary_position%5C%22%3A6%2C%5C%22ranking_signature%5C%22%3A3636332455793815165%2C%5C%22ranking_request_id%5C%22%3A8962385051695390232%2C%5C%22commerce_channel%5C%22%3A504%2C%5C%22value%5C%22%3A9.7978478075222e-5%2C%5C%22candidate_retrieval_source_map%5C%22%3A%7B%5C%2226395906119998398%5C%22%3A111%7D%7D%22%7D&__tn__=!%3AD","https://scontent.fsyd14-1.fna.fbcdn.net/v/t39.30808-6/592370373_10162125307107308_5646456980718223466_n.jpg?stp=c284.0.1481.1481a_dst-jpg_s261x260_tt6&_nc_cat=105&_nc_cb=99be929b-f3b7c874&ccb=1-7&_nc_sid=946e27&_nc_ohc=S2hd2pzdDTIQ7kNvwFB3tI7&_nc_oc=AdkVQm2t_kOFa1kmKK7XW9j5KYc3FUpAH6ZjfMpIa8k8ZSyagOlzAdq8Nf7hdqTt-Ng&_nc_zt=23&_nc_ht=scontent.fsyd14-1.fna&_nc_gid=jA5scHcs6F4zgE5O_LBOVw&oh=00_AfkoOChMgvKwRVmJGQtk-gI4hUgNz5iVrFpiN0W0Lmh1UQ&oe=69353BC6","AU$6,500","2011 Mazda 3","248K km",""
"https://www.facebook.com/marketplace/item/873185818381348/?ref=category_feed&referral_code=undefined&referral_story_type=listing&tracking=%7B%22qid%22%3A%22-7856612560392011170%22%2C%22mf_story_key%22%3A%2225980962891543124%22%2C%22commerce_rank_obj%22%3A%22%7B%5C%22target_id%5C%22%3A25980962891543124%2C%5C%22target_type%5C%22%3A0%2C%5C%22primary_position%5C%22%3A7%2C%5C%22ranking_signature%5C%22%3A3636332455793815165%2C%5C%22ranking_request_id%5C%22%3A8962385051695390232%2C%5C%22commerce_channel%5C%22%3A504%2C%5C%22value%5C%22%3A6.5426742366981e-5%2C%5C%22candidate_retrieval_source_map%5C%22%3A%7B%5C%2225980962891543124%5C%22%3A111%7D%7D%22%7D&__tn__=!%3AD","https://scontent.fsyd14-1.fna.fbcdn.net/v/t39.30808-6/593031727_25491979903773638_8716051956681613754_n.jpg?stp=c175.0.1699.1699a_dst-jpg_s261x260_tt6&_nc_cat=102&_nc_cb=99be929b-f3b7c874&ccb=1-7&_nc_sid=454cf4&_nc_ohc=4XeNy_YgF28Q7kNvwHaD2IQ&_nc_oc=AdmJsxKzGI49QVIsBODqu9iEQ58H8Cy6e3dgmnWmyyiv2OM4OzQiBEy1XDeKkKXcWjc&_nc_zt=23&_nc_ht=scontent.fsyd14-1.fna&_nc_gid=jA5scHcs6F4zgE5O_LBOVw&oh=00_Afma3WTZ7BD4V5LL6H4H9z5F4RUlVrNL7pnDmAxkj-JeBQ&oe=6935683C","AU$9,800","2012 Mazda 3","121K km",""
"https://www.facebook.com/marketplace/item/1204073198311626/?ref=category_feed&referral_code=undefined&referral_story_type=listing&tracking=%7B%22qid%22%3A%22-7856612560392011170%22%2C%22mf_story_key%22%3A%2232659348907043989%22%2C%22commerce_rank_obj%22%3A%22%7B%5C%22target_id%5C%22%3A32659348907043989%2C%5C%22target_type%5C%22%3A0%2C%5C%22primary_position%5C%22%3A11%2C%5C%22ranking_signature%5C%22%3A3636332455793815165%2C%5C%22ranking_request_id%5C%22%3A8962385051695390232%2C%5C%22commerce_channel%5C%22%3A504%2C%5C%22value%5C%22%3A1.2305785852598e-5%2C%5C%22candidate_retrieval_source_map%5C%22%3A%7B%5C%2232659348907043989%5C%22%3A111%7D%7D%22%7D&__tn__=!%3AD","https://scontent.fsyd14-1.fna.fbcdn.net/v/t39.30808-6/591361263_1170769738492419_4666616257928287058_n.jpg?stp=c0.78.1179.1179a_dst-jpg_s261x260_tt6&_nc_cat=102&_nc_cb=99be929b-f3b7c874&ccb=1-7&_nc_sid=454cf4&_nc_ohc=7Rp_d7b9qHkQ7kNvwE9ShUG&_nc_oc=AdkA5lSUjxQAnI1PJYROvqWOt3e3iqvpjkWSZVACbhT98ZmoD1a1WoVWfdbOrxEiY54&_nc_zt=23&_nc_ht=scontent.fsyd14-1.fna&_nc_gid=jA5scHcs6F4zgE5O_LBOVw&oh=00_AfnRPkRoAJpWfcHkjj466DcCC1V4pEis6_icyUNodIkK3Q&oe=69355873","AU$5,499","2007 Mazda 3","185K km",""
"https://www.facebook.com/marketplace/item/1906201080255196/?ref=category_feed&referral_code=undefined&referral_story_type=listing&tracking=%7B%22qid%22%3A%22-7856612560392011170%22%2C%22mf_story_key%22%3A%2232482845651363794%22%2C%22commerce_rank_obj%22%3A%22%7B%5C%22target_id%5C%22%3A32482845651363794%2C%5C%22target_type%5C%22%3A0%2C%5C%22primary_position%5C%22%3A12%2C%5C%22ranking_signature%5C%22%3A3636332455793815165%2C%5C%22ranking_request_id%5C%22%3A8962385051695390232%2C%5C%22commerce_channel%5C%22%3A504%2C%5C%22value%5C%22%3A2.8644488421222e-5%2C%5C%22candidate_retrieval_source_map%5C%22%3A%7B%5C%2232482845651363794%5C%22%3A111%7D%7D%22%7D&__tn__=!%3AD","https://scontent.fsyd14-1.fna.fbcdn.net/v/t39.30808-6/591445864_4044492622483197_1763396065489079697_n.jpg?stp=c0.169.1536.1536a_dst-jpg_s261x260_tt6&_nc_cat=111&_nc_cb=99be929b-f3b7c874&ccb=1-7&_nc_sid=454cf4&_nc_ohc=2RE3KLjoiDkQ7kNvwHFYbaJ&_nc_oc=AdlM96pB7jnS6akUhQjLGogUSdsSRy5Xr5ZUCMG8-VExs14Byb-lECVqh6k94o5Z4y0&_nc_zt=23&_nc_ht=scontent.fsyd14-1.fna&_nc_gid=jA5scHcs6F4zgE5O_LBOVw&oh=00_AfkeIo0w-O42wiv0X6w2jJ7rrg1aPR2FYUDEx2pjP3e20w&oe=69355C45","AU$3,900","2004 Mazda 3","195K km",""
"https://www.facebook.com/marketplace/item/2240724756393366/?ref=category_feed&referral_code=undefined&referral_story_type=listing&tracking=%7B%22qid%22%3A%22-7856612560392011170%22%2C%22mf_story_key%22%3A%2225230212563315189%22%2C%22commerce_rank_obj%22%3A%22%7B%5C%22target_id%5C%22%3A25230212563315189%2C%5C%22target_type%5C%22%3A0%2C%5C%22primary_position%5C%22%3A13%2C%5C%22ranking_signature%5C%22%3A3636332455793815165%2C%5C%22ranking_request_id%5C%22%3A8962385051695390232%2C%5C%22commerce_channel%5C%22%3A504%2C%5C%22value%5C%22%3A8.0151628745328e-5%2C%5C%22candidate_retrieval_source_map%5C%22%3A%7B%5C%2225230212563315189%5C%22%3A111%7D%7D%22%7D&__tn__=!%3AD","https://scontent.fsyd14-1.fna.fbcdn.net/v/t39.30808-6/592142901_838580502469234_8920629091473541648_n.jpg?stp=c0.169.1537.1537a_dst-jpg_s261x260_tt6&_nc_cat=108&_nc_cb=99be929b-f3b7c874&ccb=1-7&_nc_sid=454cf4&_nc_ohc=GM_SsMRcxLgQ7kNvwETbl7p&_nc_oc=Adk--40tbeehgGV4M9DXCBAith-j_nQTp5dZfduJ73s7S6EHcG6TzbbiUAImj-LpInk&_nc_zt=23&_nc_ht=scontent.fsyd14-1.fna&_nc_gid=jA5scHcs6F4zgE5O_LBOVw&oh=00_AfmJbFw8We8KnXZ4qXtza4rLupfrTLsslgp5C8-ixLI4dQ&oe=69353DC4","AU$5,500","2007 Mazda 3","167K km","AU$6,000"
"https://www.facebook.com/marketplace/item/1569852030813153/?ref=category_feed&referral_code=undefined&referral_story_type=listing&tracking=%7B%22qid%22%3A%22-7856612560392011170%22%2C%22mf_story_key%22%3A%2225773877602197671%22%2C%22commerce_rank_obj%22%3A%22%7B%5C%22target_id%5C%22%3A25773877602197671%2C%5C%22target_type%5C%22%3A0%2C%5C%22primary_position%5C%22%3A14%2C%5C%22ranking_signature%5C%22%3A3636332455793815165%2C%5C%22ranking_request_id%5C%22%3A8962385051695390232%2C%5C%22commerce_channel%5C%22%3A504%2C%5C%22value%5C%22%3A8.5905125254674e-5%2C%5C%22candidate_retrieval_source_map%5C%22%3A%7B%5C%2225773877602197671%5C%22%3A111%7D%7D%22%7D&__tn__=!%3AD","https://scontent.fsyd14-1.fna.fbcdn.net/v/t39.30808-6/592513666_122193558050349015_5414364539929283674_n.jpg?stp=c0.169.1536.1536a_dst-jpg_s261x260_tt6&_nc_cat=107&_nc_cb=99be929b-f3b7c874&ccb=1-7&_nc_sid=454cf4&_nc_ohc=QHBujDcvH0YQ7kNvwGTD6BV&_nc_oc=AdmyNLrFREcneRezSYPyjTjxj4wxprecG6_-F0EWY-wp5s6JVVhvGtBdZV5k-Zm0RtY&_nc_zt=23&_nc_ht=scontent.fsyd14-1.fna&_nc_gid=jA5scHcs6F4zgE5O_LBOVw&oh=00_AfnDo2qq2SANw8qCYPfnMPBiVWL_y17OyFr0zZMON-CDcA&oe=6935349A","AU$1,850","2007 Mazda 3","250K km","AU$2,000"
"https://www.facebook.com/marketplace/item/1122061613340885/?ref=category_feed&referral_code=undefined&referral_story_type=listing&tracking=%7B%22qid%22%3A%22-7856612560392011170%22%2C%22mf_story_key%22%3A%2225444608855134676%22%2C%22commerce_rank_obj%22%3A%22%7B%5C%22target_id%5C%22%3A25444608855134676%2C%5C%22target_type%5C%22%3A0%2C%5C%22primary_position%5C%22%3A15%2C%5C%22ranking_signature%5C%22%3A3636332455793815165%2C%5C%22ranking_request_id%5C%22%3A8962385051695390232%2C%5C%22commerce_channel%5C%22%3A504%2C%5C%22value%5C%22%3A0.00014579753042199%2C%5C%22candidate_retrieval_source_map%5C%22%3A%7B%5C%2225444608855134676%5C%22%3A111%7D%7D%22%7D&__tn__=!%3AD","https://scontent.fsyd14-1.fna.fbcdn.net/v/t39.30808-6/591760863_1329471388658025_5310210875881292718_n.jpg?stp=c0.169.1536.1536a_dst-jpg_s261x260_tt6&_nc_cat=109&_nc_cb=99be929b-f3b7c874&ccb=1-7&_nc_sid=454cf4&_nc_ohc=yIUNhsl54iUQ7kNvwEeDia2&_nc_oc=AdkEh6jzg2V_m-iRd2JHfZ5mT9l_pMvdEsRRNgh54iLXMa47Gsu8TiEILqjJpaokhZM&_nc_zt=23&_nc_ht=scontent.fsyd14-1.fna&_nc_gid=jA5scHcs6F4zgE5O_LBOVw&oh=00_Afn6xWxyWzQhM0Pg_GVL8mHXYo5rBh5k23KVOvRSlpbNfQ&oe=69355505","AU$15,500","2014 Mazda 3","113K km",""
"https://www.facebook.com/marketplace/item/1521580485716613/?ref=category_feed&referral_code=undefined&referral_story_type=listing&tracking=%7B%22qid%22%3A%22-7856612560392011170%22%2C%22mf_story_key%22%3A%2225599492982981379%22%2C%22commerce_rank_obj%22%3A%22%7B%5C%22target_id%5C%22%3A25599492982981379%2C%5C%22target_type%5C%22%3A0%2C%5C%22primary_position%5C%22%3A16%2C%5C%22ranking_signature%5C%22%3A3636332455793815165%2C%5C%22ranking_request_id%5C%22%3A8962385051695390232%2C%5C%22commerce_channel%5C%22%3A504%2C%5C%22value%5C%22%3A8.9074137869998e-6%2C%5C%22candidate_retrieval_source_map%5C%22%3A%7B%5C%2225599492982981379%5C%22%3A111%7D%7D%22%7D&__tn__=!%3AD","https://scontent.fsyd14-1.fna.fbcdn.net/v/t39.30808-6/592100860_3350830611740865_2049406848347591069_n.jpg?stp=c215.0.1618.1618a_dst-jpg_s261x260_tt6&_nc_cat=101&_nc_cb=99be929b-f3b7c874&ccb=1-7&_nc_sid=454cf4&_nc_ohc=1Q49_yu0S_YQ7kNvwEni0Au&_nc_oc=Adk1pCgjsUTY94SnOybWE0plX7UST5rwZLs7mWqoloSFhgf_g4JasyaEv_Mq3xMtnHo&_nc_zt=23&_nc_ht=scontent.fsyd14-1.fna&_nc_gid=jA5scHcs6F4zgE5O_LBOVw&oh=00_AfnsxNZZhUtlxrEIanUSaDddF32CIrTndBbhUvTaxTMh9Q&oe=69353D0C","AU$16,000","2016 Mazda 3","90K km",""
"https://www.facebook.com/marketplace/item/2635328060199297/?ref=category_feed&referral_code=undefined&referral_story_type=listing&tracking=%7B%22qid%22%3A%22-7856612560392011170%22%2C%22mf_story_key%22%3A%2225566080116338281%22%2C%22commerce_rank_obj%22%3A%22%7B%5C%22target_id%5C%22%3A25566080116338281%2C%5C%22target_type%5C%22%3A0%2C%5C%22primary_position%5C%22%3A17%2C%5C%22ranking_signature%5C%22%3A3636332455793815165%2C%5C%22ranking_request_id%5C%22%3A8962385051695390232%2C%5C%22commerce_channel%5C%22%3A504%2C%5C%22value%5C%22%3A0.00012850527264542%2C%5C%22candidate_retrieval_source_map%5C%22%3A%7B%5C%2225566080116338281%5C%22%3A111%7D%7D%22%7D&__tn__=!%3AD","https://scontent.fsyd14-1.fna.fbcdn.net/v/t39.30808-6/591996187_1501569207569158_772843680674764031_n.jpg?stp=c333.0.1382.1382a_dst-jpg_s261x260_tt6&_nc_cat=105&_nc_cb=99be929b-f3b7c874&ccb=1-7&_nc_sid=454cf4&_nc_ohc=HUMNHexQpy4Q7kNvwFbXFju&_nc_oc=AdmH0tUM9qm_OsJ3NwRgyq2H5h1xOJ4HWot3aud3rHhih0l6LpW1ikaD6l-jJ13Sh4E&_nc_zt=23&_nc_ht=scontent.fsyd14-1.fna&_nc_gid=jA5scHcs6F4zgE5O_LBOVw&oh=00_Afk4lrAEeGF1cXntFEYV5uJFeMvw0sOlcvKbSGF98vCQTg&oe=69355E5C","AU$4,300","2010 Mazda 3","180K km",""
"https://www.facebook.com/marketplace/item/805414322533348/?ref=category_feed&referral_code=undefined&referral_story_type=listing&tracking=%7B%22qid%22%3A%22-7856612560392011170%22%2C%22mf_story_key%22%3A%2224207799685562779%22%2C%22commerce_rank_obj%22%3A%22%7B%5C%22target_id%5C%22%3A24207799685562779%2C%5C%22target_type%5C%22%3A0%2C%5C%22primary_position%5C%22%3A18%2C%5C%22ranking_signature%5C%22%3A3636332455793815165%2C%5C%22ranking_request_id%5C%22%3A8962385051695390232%2C%5C%22commerce_channel%5C%22%3A504%2C%5C%22value%5C%22%3A0.00014060603280086%2C%5C%22candidate_retrieval_source_map%5C%22%3A%7B%5C%2224207799685562779%5C%22%3A111%7D%7D%22%7D&__tn__=!%3AD","https://scontent.fsyd14-1.fna.fbcdn.net/v/t39.30808-6/591815284_24916676898007894_8389312255154225634_n.jpg?stp=c0.126.1170.1170a_dst-jpg_s261x260_tt6&_nc_cat=108&_nc_cb=99be929b-f3b7c874&ccb=1-7&_nc_sid=454cf4&_nc_ohc=04-JTdJkXqcQ7kNvwEqhsQC&_nc_oc=AdnsFF2B0vHPehMCxkIxWrLQe75I-CZyRaBhVtdJuDxdMvO9mMyhLLoGFb4Vx3-illM&_nc_zt=23&_nc_ht=scontent.fsyd14-1.fna&_nc_gid=jA5scHcs6F4zgE5O_LBOVw&oh=00_AfnY408Q1dVZSc6obf4RU2gco55Itol_PJ65Gl2a4d_Blw&oe=693563F0","AU$17,700","2017 Mazda 3","123K km",""
"https://www.facebook.com/marketplace/item/2004297457026969/?ref=category_feed&referral_code=undefined&referral_story_type=listing&tracking=%7B%22qid%22%3A%22-7856612560392011170%22%2C%22mf_story_key%22%3A%2225148310881498292%22%2C%22commerce_rank_obj%22%3A%22%7B%5C%22target_id%5C%22%3A25148310881498292%2C%5C%22target_type%5C%22%3A0%2C%5C%22primary_position%5C%22%3A19%2C%5C%22ranking_signature%5C%22%3A3636332455793815165%2C%5C%22ranking_request_id%5C%22%3A8962385051695390232%2C%5C%22commerce_channel%5C%22%3A504%2C%5C%22value%5C%22%3A1.1611111381404e-5%2C%5C%22candidate_retrieval_source_map%5C%22%3A%7B%5C%2225148310881498292%5C%22%3A111%7D%7D%22%7D&__tn__=!%3AD","https://scontent.fsyd14-1.fna.fbcdn.net/v/t39.30808-6/592708443_1170209051881821_3289353181009882701_n.jpg?stp=c0.116.1179.1179a_dst-jpg_s261x260_tt6&_nc_cat=108&_nc_cb=99be929b-f3b7c874&ccb=1-7&_nc_sid=454cf4&_nc_ohc=mVNVrsTzzmcQ7kNvwGrN0Sy&_nc_oc=AdmNBxUJ2GMdO3M1RO6M-po0hvODqHQwOOi4dVDjDuMLnVGDMKTTu_xu3qpIVl-TK_I&_nc_zt=23&_nc_ht=scontent.fsyd14-1.fna&_nc_gid=jA5scHcs6F4zgE5O_LBOVw&oh=00_AfkS6a9RCYR2aqNsXWRcG2CpR2z8L190Ji5vgk61RBMlkw&oe=6935451B","AU$5,500","2007 Mazda 3","185K km",""
"https://www.facebook.com/marketplace/item/3522475494561000/?ref=category_feed&referral_code=undefined&referral_story_type=listing&tracking=%7B%22qid%22%3A%22-7856612560392011170%22%2C%22mf_story_key%22%3A%2225313549428296880%22%2C%22commerce_rank_obj%22%3A%22%7B%5C%22target_id%5C%22%3A25313549428296880%2C%5C%22target_type%5C%22%3A0%2C%5C%22primary_position%5C%22%3A20%2C%5C%22ranking_signature%5C%22%3A3636332455793815165%2C%5C%22ranking_request_id%5C%22%3A8962385051695390232%2C%5C%22commerce_channel%5C%22%3A504%2C%5C%22value%5C%22%3A0.00013210136767255%2C%5C%22candidate_retrieval_source_map%5C%22%3A%7B%5C%2225313549428296880%5C%22%3A111%7D%7D%22%7D&__tn__=!%3AD","https://scontent.fsyd14-1.fna.fbcdn.net/v/t39.30808-6/589675373_4216530252007596_7489281635746717219_n.jpg?stp=c200.0.1200.1200a_dst-jpg_s261x260_tt6&_nc_cat=102&_nc_cb=99be929b-f3b7c874&ccb=1-7&_nc_sid=454cf4&_nc_ohc=SFqOiFlos-sQ7kNvwE-xKzZ&_nc_oc=AdlgsiJqJ2Ed41dVHCE5To0CwQeR0Mq_WbQfM5gX_Yk1_NXXyQXoE_ESVEqQDuFl1_g&_nc_zt=23&_nc_ht=scontent.fsyd14-1.fna&_nc_gid=jA5scHcs6F4zgE5O_LBOVw&oh=00_AfkZkWRX6csOnXp0YaeGr4YXRGij-WOG_3dqdT3FzRAumA&oe=69354D97","AU$4,800","2008 Mazda 3","285K km",""
"https://www.facebook.com/marketplace/item/860682709766981/?ref=category_feed&referral_code=undefined&referral_story_type=listing&tracking=%7B%22qid%22%3A%22-7856612560392011170%22%2C%22mf_story_key%22%3A%2225150910141229312%22%2C%22commerce_rank_obj%22%3A%22%7B%5C%22target_id%5C%22%3A25150910141229312%2C%5C%22target_type%5C%22%3A0%2C%5C%22primary_position%5C%22%3A21%2C%5C%22ranking_signature%5C%22%3A3636332455793815165%2C%5C%22ranking_request_id%5C%22%3A8962385051695390232%2C%5C%22commerce_channel%5C%22%3A504%2C%5C%22value%5C%22%3A7.1467055545355e-5%2C%5C%22candidate_retrieval_source_map%5C%22%3A%7B%5C%2225150910141229312%5C%22%3A111%7D%7D%22%7D&__tn__=!%3AD","https://scontent.fsyd14-1.fna.fbcdn.net/v/t39.30808-6/592413168_10236928399645222_8691825170992194191_n.jpg?stp=c0.169.1537.1537a_dst-jpg_s261x260_tt6&_nc_cat=106&_nc_cb=99be929b-f3b7c874&ccb=1-7&_nc_sid=454cf4&_nc_ohc=gEbIebC_RtoQ7kNvwEkULaF&_nc_oc=AdkERqWwfSqJ-zssJjS5hWtFge3RqTV6gASxNrwfMH9Jhq2B0tJgOGZRlKUO667zAxw&_nc_zt=23&_nc_ht=scontent.fsyd14-1.fna&_nc_gid=jA5scHcs6F4zgE5O_LBOVw&oh=00_Afl5vSoVGKJVxwW9l_WudzllL8LkwvH3okmw5n_OmC7EtQ&oe=6935413A","AU$7,500","2011 Mazda 3","157K km",""
"https://www.facebook.com/marketplace/item/796429960106453/?ref=category_feed&referral_code=undefined&referral_story_type=listing&tracking=%7B%22qid%22%3A%22-7856612560392011170%22%2C%22mf_story_key%22%3A%2233430488209871656%22%2C%22commerce_rank_obj%22%3A%22%7B%5C%22target_id%5C%22%3A33430488209871656%2C%5C%22target_type%5C%22%3A0%2C%5C%22primary_position%5C%22%3A22%2C%5C%22ranking_signature%5C%22%3A3636332455793815165%2C%5C%22ranking_request_id%5C%22%3A8962385051695390232%2C%5C%22commerce_channel%5C%22%3A504%2C%5C%22value%5C%22%3A5.2957378877622e-5%2C%5C%22candidate_retrieval_source_map%5C%22%3A%7B%5C%2233430488209871656%5C%22%3A111%7D%7D%22%7D&__tn__=!%3AD","https://scontent.fsyd14-1.fna.fbcdn.net/v/t39.30808-6/588842092_10163054171988941_933513723207582547_n.jpg?stp=c0.169.1537.1537a_dst-jpg_s261x260_tt6&_nc_cat=103&_nc_cb=99be929b-f3b7c874&ccb=1-7&_nc_sid=454cf4&_nc_ohc=gq6fW7SLbUEQ7kNvwGLGXsF&_nc_oc=AdkTTOpo76bMGA1oZHfvwpChy32UgoIJT4BS_HEK5wtcH554Kepj5a74O9_QjHJLlUI&_nc_zt=23&_nc_ht=scontent.fsyd14-1.fna&_nc_gid=jA5scHcs6F4zgE5O_LBOVw&oh=00_AfnvYP_PpFx3pwvSjggtBqkwN7k1b0u-JpEf_yIPehBA2Q&oe=69353AD5","AU$14,900","2012 Mazda 3","135K km",""
"https://www.facebook.com/marketplace/item/2047996319301445/?ref=category_feed&referral_code=undefined&referral_story_type=listing&tracking=%7B%22qid%22%3A%22-7856612560392011170%22%2C%22mf_story_key%22%3A%2224830902473278598%22%2C%22commerce_rank_obj%22%3A%22%7B%5C%22target_id%5C%22%3A24830902473278598%2C%5C%22target_type%5C%22%3A0%2C%5C%22primary_position%5C%22%3A23%2C%5C%22ranking_signature%5C%22%3A3636332455793815165%2C%5C%22ranking_request_id%5C%22%3A8962385051695390232%2C%5C%22commerce_channel%5C%22%3A504%2C%5C%22value%5C%22%3A0.00013382096515965%2C%5C%22candidate_retrieval_source_map%5C%22%3A%7B%5C%2224830902473278598%5C%22%3A111%7D%7D%22%7D&__tn__=!%3AD","https://scontent.fsyd14-1.fna.fbcdn.net/v/t39.30808-6/590627543_10163723352894293_3162604811485617902_n.jpg?stp=c0.137.1320.1320a_dst-jpg_s261x260_tt6&_nc_cat=106&_nc_cb=99be929b-f3b7c874&ccb=1-7&_nc_sid=454cf4&_nc_ohc=FPTbJAvnYXEQ7kNvwGrmYCC&_nc_oc=AdmQGuYI9udth7svbklmVSdyII7xdW1cRZ5yFjWt85LQgnMAmsjOq-8lqvb046drM44&_nc_zt=23&_nc_ht=scontent.fsyd14-1.fna&_nc_gid=jA5scHcs6F4zgE5O_LBOVw&oh=00_Afmx0vbx3MfOmrmefwbW5eD45ykf0O9V4sIM9gGYgKyA_g&oe=6935415E","AU$15,000","2017 Mazda 3","170K km",""
"https://www.facebook.com/marketplace/item/1192881086104604/?ref=category_feed&referral_code=undefined&referral_story_type=listing&tracking=%7B%22qid%22%3A%22-7856612560392011170%22%2C%22mf_story_key%22%3A%2225144489598578025%22%2C%22commerce_rank_obj%22%3A%22%7B%5C%22target_id%5C%22%3A25144489598578025%2C%5C%22target_type%5C%22%3A0%2C%5C%22primary_position%5C%22%3A25%2C%5C%22ranking_signature%5C%22%3A3636332455793815165%2C%5C%22ranking_request_id%5C%22%3A8962385051695390232%2C%5C%22commerce_channel%5C%22%3A504%2C%5C%22value%5C%22%3A6.4997434629569e-5%2C%5C%22candidate_retrieval_source_map%5C%22%3A%7B%5C%2225144489598578025%5C%22%3A111%7D%7D%22%7D&__tn__=!%3AD","https://scontent.fsyd14-1.fna.fbcdn.net/v/t39.30808-6/589394904_856533133583013_3320900452919869796_n.jpg?stp=c0.169.1537.1537a_dst-jpg_s261x260_tt6&_nc_cat=109&_nc_cb=99be929b-f3b7c874&ccb=1-7&_nc_sid=454cf4&_nc_ohc=Q23W8J9gs60Q7kNvwEKvd6Q&_nc_oc=Adlqb9Blw4vzyYFqWhALplzeV4bm_zFTzfh4uSfXDsY1iKDLbNfDdaKmz0kFkQQfS0s&_nc_zt=23&_nc_ht=scontent.fsyd14-1.fna&_nc_gid=jA5scHcs6F4zgE5O_LBOVw&oh=00_Afmq3Ob6lN9nEzYohKhH7ZeG6YXASF7MxIFBxqEJEEdZuw&oe=69353FA7","AU$10,500","2012 Mazda 3","104K km",""
"https://www.facebook.com/marketplace/item/1544501300685313/?ref=category_feed&referral_code=undefined&referral_story_type=listing&tracking=%7B%22qid%22%3A%22-7856612560392011170%22%2C%22mf_story_key%22%3A%2225853239327615230%22%2C%22commerce_rank_obj%22%3A%22%7B%5C%22target_id%5C%22%3A25853239327615230%2C%5C%22target_type%5C%22%3A0%2C%5C%22primary_position%5C%22%3A26%2C%5C%22ranking_signature%5C%22%3A3636332455793815165%2C%5C%22ranking_request_id%5C%22%3A8962385051695390232%2C%5C%22commerce_channel%5C%22%3A504%2C%5C%22value%5C%22%3A5.9080502212571e-5%2C%5C%22candidate_retrieval_source_map%5C%22%3A%7B%5C%2225853239327615230%5C%22%3A111%7D%7D%22%7D&__tn__=!%3AD","https://scontent.fsyd14-1.fna.fbcdn.net/v/t39.30808-6/588710935_10173359727660473_3977443852856384204_n.jpg?stp=c0.169.1537.1537a_dst-jpg_s261x260_tt6&_nc_cat=109&_nc_cb=99be929b-f3b7c874&ccb=1-7&_nc_sid=454cf4&_nc_ohc=cXuZhkKA8XQQ7kNvwGQSLBA&_nc_oc=AdmjXA119wrVhU5LBbkUHQ91v6tVGE6KwBXLZowhmVnqkoknS3nJH80o3iilokOGDLw&_nc_zt=23&_nc_ht=scontent.fsyd14-1.fna&_nc_gid=jA5scHcs6F4zgE5O_LBOVw&oh=00_Afn8FZ7CMsQWZH5JXJ2k15fooej4-lPYDK7H8bWRK04DjQ&oe=693531CC","AU$8,500","2012 Mazda 3","180K km","AU$9,990"
"https://www.facebook.com/marketplace/item/839734509018295/?ref=category_feed&referral_code=undefined&referral_story_type=listing&tracking=%7B%22qid%22%3A%22-7856612560392011170%22%2C%22mf_story_key%22%3A%2225370460859310197%22%2C%22commerce_rank_obj%22%3A%22%7B%5C%22target_id%5C%22%3A25370460859310197%2C%5C%22target_type%5C%22%3A0%2C%5C%22primary_position%5C%22%3A28%2C%5C%22ranking_signature%5C%22%3A3636332455793815165%2C%5C%22ranking_request_id%5C%22%3A8962385051695390232%2C%5C%22commerce_channel%5C%22%3A504%2C%5C%22value%5C%22%3A8.9677475108838e-5%2C%5C%22candidate_retrieval_source_map%5C%22%3A%7B%5C%2225370460859310197%5C%22%3A111%7D%7D%22%7D&__tn__=!%3AD","https://scontent.fsyd14-1.fna.fbcdn.net/v/t39.30808-6/589952064_3054663898057061_5222204181751489958_n.jpg?stp=c256.0.1536.1536a_dst-jpg_s261x260_tt6&_nc_cat=102&_nc_cb=99be929b-f3b7c874&ccb=1-7&_nc_sid=946e27&_nc_ohc=2XxiJvd-ZEAQ7kNvwFrJj0R&_nc_oc=Adlg037g-yx-LzHuyYDmPQQKRO7Q_Hxethy15Em-sFC_U-7KqAiMRQiV9p8BBzr42QE&_nc_zt=23&_nc_ht=scontent.fsyd14-1.fna&_nc_gid=jA5scHcs6F4zgE5O_LBOVw&oh=00_Afl4XQsc1ivjL9hBbncql4-BGF-1fG43o3ouZ7wUNn7cJg&oe=6935438F","AU$10,500","2010 Mazda 3","141K km",""
"https://www.facebook.com/marketplace/item/2200092403810011/?ref=category_feed&referral_code=undefined&referral_story_type=listing&tracking=%7B%22qid%22%3A%22-7856612560392011170%22%2C%22mf_story_key%22%3A%2225211054118544504%22%2C%22commerce_rank_obj%22%3A%22%7B%5C%22target_id%5C%22%3A25211054118544504%2C%5C%22target_type%5C%22%3A0%2C%5C%22primary_position%5C%22%3A29%2C%5C%22ranking_signature%5C%22%3A3636332455793815165%2C%5C%22ranking_request_id%5C%22%3A8962385051695390232%2C%5C%22commerce_channel%5C%22%3A504%2C%5C%22value%5C%22%3A4.393022359122e-6%2C%5C%22candidate_retrieval_source_map%5C%22%3A%7B%5C%2225211054118544504%5C%22%3A111%7D%7D%22%7D&__tn__=!%3AD","https://scontent.fsyd14-1.fna.fbcdn.net/v/t39.30808-6/591025479_2636808166655256_3900564717180504515_n.jpg?stp=c256.0.1537.1537a_dst-jpg_s261x260_tt6&_nc_cat=106&_nc_cb=99be929b-f3b7c874&ccb=1-7&_nc_sid=454cf4&_nc_ohc=Pq1ai8MUod0Q7kNvwGcuaO4&_nc_oc=Adnx-ZKN4uQZZX9IZhUerAq_U7THIS-rpow-iyG6qlHdLJ6Bby6Ox5-3nkcvgVC9bps&_nc_zt=23&_nc_ht=scontent.fsyd14-1.fna&_nc_gid=jA5scHcs6F4zgE5O_LBOVw&oh=00_AfkzE_tJ-QYgmly-6ZHHigEHyhpNJ9wn0Dqd1yQGwkHkmQ&oe=69353B51","AU$7,500","2008 Mazda 3","150K km",""
"https://www.facebook.com/marketplace/item/1210922400897401/?ref=category_feed&referral_code=undefined&referral_story_type=listing&tracking=%7B%22qid%22%3A%22-7856606444506246219%22%2C%22mf_story_key%22%3A%2225587940900818397%22%2C%22commerce_rank_obj%22%3A%22%7B%5C%22target_id%5C%22%3A25587940900818397%2C%5C%22target_type%5C%22%3A0%2C%5C%22primary_position%5C%22%3A30%2C%5C%22ranking_signature%5C%22%3A3636332455793815165%2C%5C%22ranking_request_id%5C%22%3A8962385051695390232%2C%5C%22commerce_channel%5C%22%3A504%2C%5C%22value%5C%22%3A0.00015109908417799%2C%5C%22candidate_retrieval_source_map%5C%22%3A%7B%5C%2225587940900818397%5C%22%3A111%7D%7D%22%7D&__tn__=!%3AD","https://scontent.fsyd14-1.fna.fbcdn.net/v/t39.30808-6/589730988_122169641906400022_1136994562951368000_n.jpg?stp=c0.259.1008.1008a_dst-jpg_s261x260_tt6&_nc_cat=108&_nc_cb=99be929b-f3b7c874&ccb=1-7&_nc_sid=454cf4&_nc_ohc=QCR0110bhYkQ7kNvwG9X7Fr&_nc_oc=Adlz6C0RedYrX7RAnxbhBtt6Znn5Jo4tty1f_SVoNRbcn3Iojfrb0mGRqE8GTBnEW0g&_nc_zt=23&_nc_ht=scontent.fsyd14-1.fna&_nc_gid=HGG2-r5RBoP0FNJIlVEw6g&oh=00_AfmkgRn2ux_cLqOhsVgShX80SuX7bsdenbBUhOY4uM_eGQ&oe=69355665","AU$8,000","2009 Mazda 3","182K km",""
"https://www.facebook.com/marketplace/item/2081296542603090/?ref=category_feed&referral_code=undefined&referral_story_type=listing&tracking=%7B%22qid%22%3A%22-7856606444506246219%22%2C%22mf_story_key%22%3A%2225079341751727279%22%2C%22commerce_rank_obj%22%3A%22%7B%5C%22target_id%5C%22%3A25079341751727279%2C%5C%22target_type%5C%22%3A0%2C%5C%22primary_position%5C%22%3A33%2C%5C%22ranking_signature%5C%22%3A3636332455793815165%2C%5C%22ranking_request_id%5C%22%3A8962385051695390232%2C%5C%22commerce_channel%5C%22%3A504%2C%5C%22value%5C%22%3A7.6701125752066e-6%2C%5C%22candidate_retrieval_source_map%5C%22%3A%7B%5C%2225079341751727279%5C%22%3A111%7D%7D%22%7D&__tn__=!%3AD","https://scontent.fsyd14-1.fna.fbcdn.net/v/t39.30808-6/590305211_1301476805339940_6453914513946203029_n.jpg?stp=c256.0.1536.1536a_dst-jpg_s261x260_tt6&_nc_cat=105&_nc_cb=99be929b-f3b7c874&ccb=1-7&_nc_sid=454cf4&_nc_ohc=eCUt1adoNPYQ7kNvwGLUiDt&_nc_oc=Adk6KwZ1gwk22lyoLukZvIpViwfXAt_-Je4O4ngsrs7SteAzq8MrZZXPuY3gKSa-1Wo&_nc_zt=23&_nc_ht=scontent.fsyd14-1.fna&_nc_gid=HGG2-r5RBoP0FNJIlVEw6g&oh=00_AflW_0XDkG9W_QgmEfDh4SkP0QuxI_YGGTacBRKrmXnQ7Q&oe=69354AA8","AU$7,700","2011 Mazda 3","119K km",""
"https://www.facebook.com/marketplace/item/4131306990441827/?ref=category_feed&referral_code=undefined&referral_story_type=listing&tracking=%7B%22qid%22%3A%22-7856606444506246219%22%2C%22mf_story_key%22%3A%2225174546628832539%22%2C%22commerce_rank_obj%22%3A%22%7B%5C%22target_id%5C%22%3A25174546628832539%2C%5C%22target_type%5C%22%3A0%2C%5C%22primary_position%5C%22%3A36%2C%5C%22ranking_signature%5C%22%3A3636332455793815165%2C%5C%22ranking_request_id%5C%22%3A8962385051695390232%2C%5C%22commerce_channel%5C%22%3A504%2C%5C%22value%5C%22%3A8.6161063989694e-5%2C%5C%22candidate_retrieval_source_map%5C%22%3A%7B%5C%2225174546628832539%5C%22%3A111%7D%7D%22%7D&__tn__=!%3AD","https://scontent.fsyd14-1.fna.fbcdn.net/v/t39.30808-6/589402620_1230527809131275_3285815579728090474_n.jpg?stp=c0.169.1536.1536a_dst-jpg_s261x260_tt6&_nc_cat=110&_nc_cb=99be929b-f3b7c874&ccb=1-7&_nc_sid=454cf4&_nc_ohc=N1H5pF74rPoQ7kNvwFWSytX&_nc_oc=AdlyGLq-6gI7frQayj36E3WIl9_78xUqEEKcyMNSLng2f-nk2Jnv1VtCgwud2E6ySnc&_nc_zt=23&_nc_ht=scontent.fsyd14-1.fna&_nc_gid=HGG2-r5RBoP0FNJIlVEw6g&oh=00_Afl08q249axkiW_OZhiD6zaD6m7fk4Gi9FLKhwWW-l-OiA&oe=693553F0","AU$4,500","2005 Mazda 3","173K km",""
"https://www.facebook.com/marketplace/item/866028809436575/?ref=category_feed&referral_code=undefined&referral_story_type=listing&tracking=%7B%22qid%22%3A%22-7856606444506246219%22%2C%22mf_story_key%22%3A%2225081287188200082%22%2C%22commerce_rank_obj%22%3A%22%7B%5C%22target_id%5C%22%3A25081287188200082%2C%5C%22target_type%5C%22%3A0%2C%5C%22primary_position%5C%22%3A39%2C%5C%22ranking_signature%5C%22%3A3636332455793815165%2C%5C%22ranking_request_id%5C%22%3A8962385051695390232%2C%5C%22commerce_channel%5C%22%3A504%2C%5C%22value%5C%22%3A5.8702148055902e-5%2C%5C%22candidate_retrieval_source_map%5C%22%3A%7B%5C%2225081287188200082%5C%22%3A111%7D%7D%22%7D&__tn__=!%3AD","https://scontent.fsyd14-1.fna.fbcdn.net/v/t39.30808-6/588647511_25555935637363365_3064258228224837412_n.jpg?stp=c0.169.1536.1536a_dst-jpg_s261x260_tt6&_nc_cat=104&_nc_cb=99be929b-f3b7c874&ccb=1-7&_nc_sid=454cf4&_nc_ohc=uG-PesBtho4Q7kNvwF40BhN&_nc_oc=Adk4NW4J_9ntqju-C7eQOW1Kv5OjR_xzw5rMf3xjPEsXqak-BKosxvZ167iugtn04tQ&_nc_zt=23&_nc_ht=scontent.fsyd14-1.fna&_nc_gid=HGG2-r5RBoP0FNJIlVEw6g&oh=00_AfmPANL7GE_VrICn_BpKwfXZCNSUtn9tTtIg7p4mIhai4g&oe=693534E7","AU$2,200","2007 Mazda 3","200K km",""
"https://www.facebook.com/marketplace/item/1940549053478282/?ref=category_feed&referral_code=undefined&referral_story_type=listing&tracking=%7B%22qid%22%3A%22-7856606444506246219%22%2C%22mf_story_key%22%3A%2233170796555837401%22%2C%22commerce_rank_obj%22%3A%22%7B%5C%22target_id%5C%22%3A33170796555837401%2C%5C%22target_type%5C%22%3A0%2C%5C%22primary_position%5C%22%3A40%2C%5C%22ranking_signature%5C%22%3A3636332455793815165%2C%5C%22ranking_request_id%5C%22%3A8962385051695390232%2C%5C%22commerce_channel%5C%22%3A504%2C%5C%22value%5C%22%3A0.00011870815777723%2C%5C%22candidate_retrieval_source_map%5C%22%3A%7B%5C%2233170796555837401%5C%22%3A111%7D%7D%22%7D&__tn__=!%3AD","https://scontent.fsyd14-1.fna.fbcdn.net/v/t39.30808-6/589363886_1401171761717489_1062605162291835871_n.jpg?stp=c516.0.888.888a_dst-jpg_s261x260_tt6&_nc_cat=106&_nc_cb=99be929b-f3b7c874&ccb=1-7&_nc_sid=454cf4&_nc_ohc=Tl5gzFQjZBMQ7kNvwH8FDkT&_nc_oc=AdnroEFiGcnB_79u6wAoqlutP_-xaWjqRLBMVmteaSQgETMAzoEqQpyhHZWhF4mAuXA&_nc_zt=23&_nc_ht=scontent.fsyd14-1.fna&_nc_gid=HGG2-r5RBoP0FNJIlVEw6g&oh=00_Afk9nf5O4Y1t3W089JDGZ9wZQhLLjProvMV7ZzFFz-Jv6w&oe=693558DA","AU$1,300","2012 Mazda 3","88K km",""
"https://www.facebook.com/marketplace/item/1169804931885314/?ref=category_feed&referral_code=undefined&referral_story_type=listing&tracking=%7B%22qid%22%3A%22-7856606444506246219%22%2C%22mf_story_key%22%3A%2225193064770344011%22%2C%22commerce_rank_obj%22%3A%22%7B%5C%22target_id%5C%22%3A25193064770344011%2C%5C%22target_type%5C%22%3A0%2C%5C%22primary_position%5C%22%3A41%2C%5C%22ranking_signature%5C%22%3A3636332455793815165%2C%5C%22ranking_request_id%5C%22%3A8962385051695390232%2C%5C%22commerce_channel%5C%22%3A504%2C%5C%22value%5C%22%3A1.1338795604586e-5%2C%5C%22candidate_retrieval_source_map%5C%22%3A%7B%5C%2225193064770344011%5C%22%3A111%7D%7D%22%7D&__tn__=!%3AD","https://scontent.fsyd14-1.fna.fbcdn.net/v/t39.30808-6/588850795_10229188954965331_9136579672095208083_n.jpg?stp=c0.147.1290.1290a_dst-jpg_s261x260_tt6&_nc_cat=101&_nc_cb=99be929b-f3b7c874&ccb=1-7&_nc_sid=454cf4&_nc_ohc=gUJtKhd_H5YQ7kNvwHPy_lh&_nc_oc=AdkmtFj2kTrTLe51gHeZMlNLEAmLCpKCXGo2ubJvAUO_KYwtAjRBGmRuSwppjJ8cxSU&_nc_zt=23&_nc_ht=scontent.fsyd14-1.fna&_nc_gid=HGG2-r5RBoP0FNJIlVEw6g&oh=00_AflCghSHB-RAg7aUL46tIt9ake454ImE8g7h9xH01HbcCA&oe=6935426D","AU$7,900","2012 Mazda 3","200K km",""
"https://www.facebook.com/marketplace/item/815782881267730/?ref=category_feed&referral_code=undefined&referral_story_type=listing&tracking=%7B%22qid%22%3A%22-7856606444506246219%22%2C%22mf_story_key%22%3A%2224866285479734255%22%2C%22commerce_rank_obj%22%3A%22%7B%5C%22target_id%5C%22%3A24866285479734255%2C%5C%22target_type%5C%22%3A0%2C%5C%22primary_position%5C%22%3A42%2C%5C%22ranking_signature%5C%22%3A3636332455793815165%2C%5C%22ranking_request_id%5C%22%3A8962385051695390232%2C%5C%22commerce_channel%5C%22%3A504%2C%5C%22value%5C%22%3A8.2732786774213e-5%2C%5C%22candidate_retrieval_source_map%5C%22%3A%7B%5C%2224866285479734255%5C%22%3A111%7D%7D%22%7D&__tn__=!%3AD","https://scontent.fsyd14-1.fna.fbcdn.net/v/t39.30808-6/587834886_10162206320730415_5620911378066046593_n.jpg?stp=c0.169.1537.1537a_dst-jpg_s261x260_tt6&_nc_cat=109&_nc_cb=99be929b-f3b7c874&ccb=1-7&_nc_sid=454cf4&_nc_ohc=tNWtUTCqpZ8Q7kNvwFlOLfE&_nc_oc=AdmBF1M9tZiKrc9YOf-86ge1gXt7IL_LbH9-2cbEb9JilNWGb8_OHPfSpRVDlRNUxIY&_nc_zt=23&_nc_ht=scontent.fsyd14-1.fna&_nc_gid=HGG2-r5RBoP0FNJIlVEw6g&oh=00_AfkI6BBXGAH5KMq4T8BTOwwUApWIVmP_gVsVZ3gL4y4syA&oe=693546F4","AU$17,000","2016 Mazda 3","132K km","AU$18,500"
"https://www.facebook.com/marketplace/item/1182965480468934/?ref=category_feed&referral_code=undefined&referral_story_type=listing&tracking=%7B%22qid%22%3A%22-7856606444506246219%22%2C%22mf_story_key%22%3A%2225108760355457303%22%2C%22commerce_rank_obj%22%3A%22%7B%5C%22target_id%5C%22%3A25108760355457303%2C%5C%22target_type%5C%22%3A0%2C%5C%22primary_position%5C%22%3A43%2C%5C%22ranking_signature%5C%22%3A3636332455793815165%2C%5C%22ranking_request_id%5C%22%3A8962385051695390232%2C%5C%22commerce_channel%5C%22%3A504%2C%5C%22value%5C%22%3A0.00026319736076287%2C%5C%22candidate_retrieval_source_map%5C%22%3A%7B%5C%2225108760355457303%5C%22%3A111%7D%7D%22%7D&__tn__=!%3AD","https://scontent.fsyd14-1.fna.fbcdn.net/v/t39.30808-6/589919784_3261604027348938_6321999506271912329_n.jpg?stp=c297.0.726.726a_dst-jpg_s261x260_tt6&_nc_cat=105&_nc_cb=99be929b-f3b7c874&ccb=1-7&_nc_sid=454cf4&_nc_ohc=V-kataelKVQQ7kNvwEQLnHo&_nc_oc=Admfdf2zRrTZywdcbBDtCfydy3S_31nE9qjSD9muIeDq0zUtfoFd_cd0sdYj0RlOF1A&_nc_zt=23&_nc_ht=scontent.fsyd14-1.fna&_nc_gid=HGG2-r5RBoP0FNJIlVEw6g&oh=00_AfluF2zTUJhu2m3sMTep7sfD8jhG6Qi11WSiOKzLT-kTkA&oe=69353774","AU$19,999","2019 Mazda 3","135K km","AU$21,999"
"https://www.facebook.com/marketplace/item/2065218080916972/?ref=category_feed&referral_code=undefined&referral_story_type=listing&tracking=%7B%22qid%22%3A%22-7856606444506246219%22%2C%22mf_story_key%22%3A%2225139213055744191%22%2C%22commerce_rank_obj%22%3A%22%7B%5C%22target_id%5C%22%3A25139213055744191%2C%5C%22target_type%5C%22%3A0%2C%5C%22primary_position%5C%22%3A45%2C%5C%22ranking_signature%5C%22%3A3636332455793815165%2C%5C%22ranking_request_id%5C%22%3A8962385051695390232%2C%5C%22commerce_channel%5C%22%3A504%2C%5C%22value%5C%22%3A4.9699313745928e-5%2C%5C%22candidate_retrieval_source_map%5C%22%3A%7B%5C%2225139213055744191%5C%22%3A111%7D%7D%22%7D&__tn__=!%3AD","https://scontent.fsyd14-1.fna.fbcdn.net/v/t39.30808-6/587835518_1845420959701354_8459129274973110769_n.jpg?stp=c256.0.1536.1536a_dst-jpg_s261x260_tt6&_nc_cat=111&_nc_cb=99be929b-f3b7c874&ccb=1-7&_nc_sid=454cf4&_nc_ohc=aohJXqxVSGMQ7kNvwEZDtLi&_nc_oc=AdmQcQkVGp1yEn5W853TE8FOBV2Lye3-xEc5gFn2O-Yk7etiDGBFgVyHxNLm9rX0nQQ&_nc_zt=23&_nc_ht=scontent.fsyd14-1.fna&_nc_gid=HGG2-r5RBoP0FNJIlVEw6g&oh=00_AflkdeyWoGfloBHT93bnBkvWX5Ut6-hjI1DKSVPYY-epuA&oe=69353EB7","AU$3,500","2005 Mazda 3","186K km",""
"https://www.facebook.com/marketplace/item/25166454469688441/?ref=category_feed&referral_code=undefined&referral_story_type=listing&tracking=%7B%22qid%22%3A%22-7856606444506246219%22%2C%22mf_story_key%22%3A%2225256824573926441%22%2C%22commerce_rank_obj%22%3A%22%7B%5C%22target_id%5C%22%3A25256824573926441%2C%5C%22target_type%5C%22%3A0%2C%5C%22primary_position%5C%22%3A46%2C%5C%22ranking_signature%5C%22%3A3636332455793815165%2C%5C%22ranking_request_id%5C%22%3A8962385051695390232%2C%5C%22commerce_channel%5C%22%3A504%2C%5C%22value%5C%22%3A5.7856954088684e-5%2C%5C%22candidate_retrieval_source_map%5C%22%3A%7B%5C%2225256824573926441%5C%22%3A111%7D%7D%22%7D&__tn__=!%3AD","https://scontent.fsyd14-1.fna.fbcdn.net/v/t39.30808-6/586796550_122191107356370674_8679191924287370728_n.jpg?stp=c0.169.1537.1537a_dst-jpg_s261x260_tt6&_nc_cat=104&_nc_cb=99be929b-f3b7c874&ccb=1-7&_nc_sid=454cf4&_nc_ohc=Tm30DVjfrYsQ7kNvwFuNMgy&_nc_oc=AdlRjyjpsYDTw83UqLNNN6Ven7QlR5vwIyTb7_DHaEiNFmeHdFOaIB_TwbvDoPTKdNQ&_nc_zt=23&_nc_ht=scontent.fsyd14-1.fna&_nc_gid=HGG2-r5RBoP0FNJIlVEw6g&oh=00_Afn9Ozdj40nJzXEC_4kaeSlS2fIMUzQSA6hDZtM5a49dqg&oe=69355235","AU$16,500","2015 Mazda 3","54K km",""
"https://www.facebook.com/marketplace/item/1582003516328396/?ref=category_feed&referral_code=undefined&referral_story_type=listing&tracking=%7B%22qid%22%3A%22-7856606307037564765%22%2C%22mf_story_key%22%3A%2225327397146882369%22%2C%22commerce_rank_obj%22%3A%22%7B%5C%22target_id%5C%22%3A25327397146882369%2C%5C%22target_type%5C%22%3A0%2C%5C%22primary_position%5C%22%3A47%2C%5C%22ranking_signature%5C%22%3A3636332455793815165%2C%5C%22ranking_request_id%5C%22%3A8962385051695390232%2C%5C%22commerce_channel%5C%22%3A504%2C%5C%22value%5C%22%3A1.3575067643678e-5%2C%5C%22candidate_retrieval_source_map%5C%22%3A%7B%5C%2225327397146882369%5C%22%3A111%7D%7D%22%7D&__tn__=!%3AD","https://scontent.fsyd14-1.fna.fbcdn.net/v/t39.30808-6/588882239_122258785280219880_2891405397676729118_n.jpg?stp=c0.129.1170.1170a_dst-jpg_s261x260_tt6&_nc_cat=107&_nc_cb=99be929b-f3b7c874&ccb=1-7&_nc_sid=454cf4&_nc_ohc=fnjrgOveMToQ7kNvwE9Lzxz&_nc_oc=Adm3Scd8kEapzwv7_KG5-jS4d72hRRUGQtcXMU0pvhNH3O2R-bXMptZ8_Kz45_w2Ulc&_nc_zt=23&_nc_ht=scontent.fsyd14-1.fna&_nc_gid=8ozv2aeBzgTvyZiqS5ooMQ&oh=00_Afk7ef_yOcionho_8hpghDiQFQIINopucpgxDKZfkPMxlg&oe=6935346F","AU$12,999","2013 Mazda 3","115K km",""
"https://www.facebook.com/marketplace/item/1185188542960806/?ref=category_feed&referral_code=undefined&referral_story_type=listing&tracking=%7B%22qid%22%3A%22-7856606307037564765%22%2C%22mf_story_key%22%3A%2233562828013316233%22%2C%22commerce_rank_obj%22%3A%22%7B%5C%22target_id%5C%22%3A33562828013316233%2C%5C%22target_type%5C%22%3A0%2C%5C%22primary_position%5C%22%3A48%2C%5C%22ranking_signature%5C%22%3A3636332455793815165%2C%5C%22ranking_request_id%5C%22%3A8962385051695390232%2C%5C%22commerce_channel%5C%22%3A504%2C%5C%22value%5C%22%3A3.8839404200026e-5%2C%5C%22candidate_retrieval_source_map%5C%22%3A%7B%5C%2233562828013316233%5C%22%3A111%7D%7D%22%7D&__tn__=!%3AD","https://scontent.fsyd14-1.fna.fbcdn.net/v/t39.30808-6/587924064_122293588364016345_597000579148844126_n.jpg?stp=c256.0.1537.1537a_dst-jpg_s261x260_tt6&_nc_cat=102&_nc_cb=99be929b-f3b7c874&ccb=1-7&_nc_sid=454cf4&_nc_ohc=TRRERqYalv0Q7kNvwGOWKnu&_nc_oc=Adng-4sZzq3rNjkdqoFnqAHkg04eXLZc53APXQHdCt1MCKY8WhEeJPeUzLCTHHQE0dc&_nc_zt=23&_nc_ht=scontent.fsyd14-1.fna&_nc_gid=8ozv2aeBzgTvyZiqS5ooMQ&oh=00_AfliBJcrRC5XRfN5eyEKpuJh7kaZl8MSFJrjbxABHJE8eg&oe=69355E31","AU$8,500","2011 Mazda 3","160K km",""
"https://www.facebook.com/marketplace/item/1383833266591872/?ref=category_feed&referral_code=undefined&referral_story_type=listing&tracking=%7B%22qid%22%3A%22-7856606307037564765%22%2C%22mf_story_key%22%3A%2225061283610231488%22%2C%22commerce_rank_obj%22%3A%22%7B%5C%22target_id%5C%22%3A25061283610231488%2C%5C%22target_type%5C%22%3A0%2C%5C%22primary_position%5C%22%3A52%2C%5C%22ranking_signature%5C%22%3A3636332455793815165%2C%5C%22ranking_request_id%5C%22%3A8962385051695390232%2C%5C%22commerce_channel%5C%22%3A504%2C%5C%22value%5C%22%3A2.54459226661e-6%2C%5C%22candidate_retrieval_source_map%5C%22%3A%7B%5C%2225061283610231488%5C%22%3A111%7D%7D%22%7D&__tn__=!%3AD","https://scontent.fsyd14-1.fna.fbcdn.net/v/t39.30808-6/586573033_10172965933185607_1886118077990695955_n.jpg?stp=c0.295.1153.1153a_dst-jpg_s261x260_tt6&_nc_cat=105&_nc_cb=99be929b-f3b7c874&ccb=1-7&_nc_sid=454cf4&_nc_ohc=TxUje4es4AAQ7kNvwEITQ70&_nc_oc=AdkNcHdhlXz7qY9WSOj2v02g4UtZ2Wp9YSM6meh6tRNvSKjMm38h0an9Ikr32rKS1x0&_nc_zt=23&_nc_ht=scontent.fsyd14-1.fna&_nc_gid=8ozv2aeBzgTvyZiqS5ooMQ&oh=00_Afl5SBCCkTsxoWIB0EidxDH2THTnDbn6TodSa6AeAf1klg&oe=693561D6","AU$13,000","2012 Mazda 3","135K km","AU$14,999"
"https://www.facebook.com/marketplace/item/2017979615626382/?ref=category_feed&referral_code=undefined&referral_story_type=listing&tracking=%7B%22qid%22%3A%22-7856606307037564765%22%2C%22mf_story_key%22%3A%2225901161102814961%22%2C%22commerce_rank_obj%22%3A%22%7B%5C%22target_id%5C%22%3A25901161102814961%2C%5C%22target_type%5C%22%3A0%2C%5C%22primary_position%5C%22%3A54%2C%5C%22ranking_signature%5C%22%3A3636332455793815165%2C%5C%22ranking_request_id%5C%22%3A8962385051695390232%2C%5C%22commerce_channel%5C%22%3A504%2C%5C%22value%5C%22%3A7.9959107881788e-5%2C%5C%22candidate_retrieval_source_map%5C%22%3A%7B%5C%2225901161102814961%5C%22%3A111%7D%7D%22%7D&__tn__=!%3AD","https://scontent.fsyd14-1.fna.fbcdn.net/v/t39.30808-6/585883758_24802955422739337_6292797882369519826_n.jpg?stp=c0.169.1536.1536a_dst-jpg_s261x260_tt6&_nc_cat=102&_nc_cb=99be929b-f3b7c874&ccb=1-7&_nc_sid=454cf4&_nc_ohc=AiBa0o_DVXUQ7kNvwG6wlCu&_nc_oc=Adlor3bBnPFtZ-1qPRuRhQdAYBr_jmnvAQgM9jlrV0glrw7Mc6uAC6WzjwWStVy-5QI&_nc_zt=23&_nc_ht=scontent.fsyd14-1.fna&_nc_gid=8ozv2aeBzgTvyZiqS5ooMQ&oh=00_Afmd-xTffp83Q1rfre8t_qCv7FNRD3HWT4_wm2ymNcpoUw&oe=693562A3","AU$17,000","2017 Mazda 3","150K km",""
"https://www.facebook.com/marketplace/item/1381950690081009/?ref=category_feed&referral_code=undefined&referral_story_type=listing&tracking=%7B%22qid%22%3A%22-7856606307037564765%22%2C%22mf_story_key%22%3A%2225168756392763784%22%2C%22commerce_rank_obj%22%3A%22%7B%5C%22target_id%5C%22%3A25168756392763784%2C%5C%22target_type%5C%22%3A0%2C%5C%22primary_position%5C%22%3A56%2C%5C%22ranking_signature%5C%22%3A3636332455793815165%2C%5C%22ranking_request_id%5C%22%3A8962385051695390232%2C%5C%22commerce_channel%5C%22%3A504%2C%5C%22value%5C%22%3A3.546928441355e-6%2C%5C%22candidate_retrieval_source_map%5C%22%3A%7B%5C%2225168756392763784%5C%22%3A111%7D%7D%22%7D&__tn__=!%3AD","https://scontent.fsyd14-1.fna.fbcdn.net/v/t39.30808-6/585054670_10164246935647292_1057758459425311432_n.jpg?stp=c0.363.947.947a_dst-jpg_s261x260_tt6&_nc_cat=100&_nc_cb=99be929b-f3b7c874&ccb=1-7&_nc_sid=454cf4&_nc_ohc=M8iEERzwo64Q7kNvwF-T8BX&_nc_oc=Adl5-Asj_2tGznQUivtCIo1r_CnAD9y50VuoESPLUPb-oayXrNZ-BUHkRDBgB3yYCNk&_nc_zt=23&_nc_ht=scontent.fsyd14-1.fna&_nc_gid=8ozv2aeBzgTvyZiqS5ooMQ&oh=00_AflXT46BAFbOBx75kmp_niucQScu44UJXgGF635aKs9Yiw&oe=6935640A","AU$8,000","2013 Mazda 3","213K km",""
"https://www.facebook.com/marketplace/item/820513927638535/?ref=category_feed&referral_code=undefined&referral_story_type=listing&tracking=%7B%22qid%22%3A%22-7856606307037564765%22%2C%22mf_story_key%22%3A%2225353999294242404%22%2C%22commerce_rank_obj%22%3A%22%7B%5C%22target_id%5C%22%3A25353999294242404%2C%5C%22target_type%5C%22%3A0%2C%5C%22primary_position%5C%22%3A58%2C%5C%22ranking_signature%5C%22%3A3636332455793815165%2C%5C%22ranking_request_id%5C%22%3A8962385051695390232%2C%5C%22commerce_channel%5C%22%3A504%2C%5C%22value%5C%22%3A5.1060023911144e-5%2C%5C%22candidate_retrieval_source_map%5C%22%3A%7B%5C%2225353999294242404%5C%22%3A111%7D%7D%22%7D&__tn__=!%3AD","https://scontent.fsyd14-1.fna.fbcdn.net/v/t39.30808-6/584544090_122182648400467462_5418311193089584777_n.jpg?stp=c0.169.1537.1537a_dst-jpg_s261x260_tt6&_nc_cat=111&_nc_cb=99be929b-f3b7c874&ccb=1-7&_nc_sid=454cf4&_nc_ohc=6qKHkijNeo0Q7kNvwGaKB3O&_nc_oc=Adn8v4JIz3CbPXSDiP536t0B6td6fxY_MlROtpa14oPT9Mguo3I_XIBiIem61aO12Nk&_nc_zt=23&_nc_ht=scontent.fsyd14-1.fna&_nc_gid=8ozv2aeBzgTvyZiqS5ooMQ&oh=00_AfmxIlXeta4rOGZcENduuCZ3zBWZVSqY_kC3j5fzzPYg5w&oe=69354B98","AU$8,000","2009 Mazda 3","190K km",""
"https://www.facebook.com/marketplace/item/2400111503782504/?ref=category_feed&referral_code=undefined&referral_story_type=listing&tracking=%7B%22qid%22%3A%22-7856606307037564765%22%2C%22mf_story_key%22%3A%2232588815180766240%22%2C%22commerce_rank_obj%22%3A%22%7B%5C%22target_id%5C%22%3A32588815180766240%2C%5C%22target_type%5C%22%3A0%2C%5C%22primary_position%5C%22%3A61%2C%5C%22ranking_signature%5C%22%3A3636332455793815165%2C%5C%22ranking_request_id%5C%22%3A8962385051695390232%2C%5C%22commerce_channel%5C%22%3A504%2C%5C%22value%5C%22%3A4.4907314098555e-5%2C%5C%22candidate_retrieval_source_map%5C%22%3A%7B%5C%2232588815180766240%5C%22%3A111%7D%7D%22%7D&__tn__=!%3AD","https://scontent.fsyd14-1.fna.fbcdn.net/v/t39.30808-6/585907523_1998788247547605_7771872579320488055_n.jpg?stp=c0.132.1200.1200a_dst-jpg_s261x260_tt6&_nc_cat=100&_nc_cb=99be929b-f3b7c874&ccb=1-7&_nc_sid=454cf4&_nc_ohc=yT2JE7nv0RkQ7kNvwGph2Vo&_nc_oc=AdkORBu6SwlvNk5TeNMt4083INL7MtINjpgl7929Zd-GAIXAd3djeJKxJ0xed-JXEac&_nc_zt=23&_nc_ht=scontent.fsyd14-1.fna&_nc_gid=8ozv2aeBzgTvyZiqS5ooMQ&oh=00_Aflj1ptP8FmE4MFf8IEUA3m4CTCehSQ_bXam_6-KZB4cCg&oe=693562D5","AU$5,600","2008 Mazda 3","194K km",""
"https://www.facebook.com/marketplace/item/1409548290615422/?ref=category_feed&referral_code=undefined&referral_story_type=listing&tracking=%7B%22qid%22%3A%22-7856606307037564765%22%2C%22mf_story_key%22%3A%2232419425341039357%22%2C%22commerce_rank_obj%22%3A%22%7B%5C%22target_id%5C%22%3A32419425341039357%2C%5C%22target_type%5C%22%3A0%2C%5C%22primary_position%5C%22%3A62%2C%5C%22ranking_signature%5C%22%3A3636332455793815165%2C%5C%22ranking_request_id%5C%22%3A8962385051695390232%2C%5C%22commerce_channel%5C%22%3A504%2C%5C%22value%5C%22%3A5.4375760103317e-5%2C%5C%22candidate_retrieval_source_map%5C%22%3A%7B%5C%2232419425341039357%5C%22%3A111%7D%7D%22%7D&__tn__=!%3AD","https://scontent.fsyd14-1.fna.fbcdn.net/v/t39.30808-6/586893310_24915732488096848_5648862452128679177_n.jpg?stp=c0.169.1537.1537a_dst-jpg_s261x260_tt6&_nc_cat=108&_nc_cb=99be929b-f3b7c874&ccb=1-7&_nc_sid=454cf4&_nc_ohc=fswSk3hkeMIQ7kNvwHRVLiN&_nc_oc=Adk5_Z7kQBODvtCP2DJb6-N7g28mLsrMbGFh33IP1kzAyOe6b9moEdDFy-K4pO0wtHo&_nc_zt=23&_nc_ht=scontent.fsyd14-1.fna&_nc_gid=8ozv2aeBzgTvyZiqS5ooMQ&oh=00_AfncQVfAjInrQDVent_7n_LXQNKs4LQvfydrib7yTh2_0w&oe=69355F72","AU$111,111","2008 Mazda 3","300K km",""
"https://www.facebook.com/marketplace/item/1186800573513952/?ref=category_feed&referral_code=undefined&referral_story_type=listing&tracking=%7B%22qid%22%3A%22-7856606307037564765%22%2C%22mf_story_key%22%3A%2225702180126056701%22%2C%22commerce_rank_obj%22%3A%22%7B%5C%22target_id%5C%22%3A25702180126056701%2C%5C%22target_type%5C%22%3A0%2C%5C%22primary_position%5C%22%3A63%2C%5C%22ranking_signature%5C%22%3A3636332455793815165%2C%5C%22ranking_request_id%5C%22%3A8962385051695390232%2C%5C%22commerce_channel%5C%22%3A504%2C%5C%22value%5C%22%3A0.00028796232823163%2C%5C%22candidate_retrieval_source_map%5C%22%3A%7B%5C%2225702180126056701%5C%22%3A111%7D%7D%22%7D&__tn__=!%3AD","https://scontent.fsyd14-1.fna.fbcdn.net/v/t39.30808-6/590926117_24875113545523105_3571367873897283560_n.jpg?stp=c0.169.1537.1537a_dst-jpg_s261x260_tt6&_nc_cat=109&_nc_cb=99be929b-f3b7c874&ccb=1-7&_nc_sid=946e27&_nc_ohc=MijLQbBy68IQ7kNvwGQ_xvZ&_nc_oc=AdmXe85oC4r3mbafTCubL7nDbL7tw_PTiE3ggN5lof2h4L-n95hMJn-_mcZowdlJSRU&_nc_zt=23&_nc_ht=scontent.fsyd14-1.fna&_nc_gid=8ozv2aeBzgTvyZiqS5ooMQ&oh=00_AfnSBYaWdgibqOGuCwkQNnu1n9Cv3sRgtLdo9t5Um9W1Ww&oe=69354D29","AU$14,000","2015 Mazda 3","158K km","AU$16,500"
"https://www.facebook.com/marketplace/item/1395881775509891/?ref=category_feed&referral_code=undefined&referral_story_type=listing&tracking=%7B%22qid%22%3A%22-7856606307037564765%22%2C%22mf_story_key%22%3A%2224700628992950164%22%2C%22commerce_rank_obj%22%3A%22%7B%5C%22target_id%5C%22%3A24700628992950164%2C%5C%22target_type%5C%22%3A0%2C%5C%22primary_position%5C%22%3A65%2C%5C%22ranking_signature%5C%22%3A3636332455793815165%2C%5C%22ranking_request_id%5C%22%3A8962385051695390232%2C%5C%22commerce_channel%5C%22%3A504%2C%5C%22value%5C%22%3A0.00029624560748585%2C%5C%22candidate_retrieval_source_map%5C%22%3A%7B%5C%2224700628992950164%5C%22%3A111%7D%7D%22%7D&__tn__=!%3AD","https://scontent.fsyd14-1.fna.fbcdn.net/v/t39.30808-6/585323091_2000216760881786_6794103238485962902_n.jpg?stp=c0.169.1536.1536a_dst-jpg_s261x260_tt6&_nc_cat=108&_nc_cb=99be929b-f3b7c874&ccb=1-7&_nc_sid=946e27&_nc_ohc=88BuW6arGusQ7kNvwGGUQCQ&_nc_oc=AdlQc2WAYB6tzrdeRy7R1XmRnnez_eOwMdN2oWabHjsi2pfKREDMiZCRCk1Tif5szps&_nc_zt=23&_nc_ht=scontent.fsyd14-1.fna&_nc_gid=8ozv2aeBzgTvyZiqS5ooMQ&oh=00_AfnkOykzwtlf77ZUIDD9edUl91kXMIxVfpj1vm_dTijqxA&oe=6935386F","AU$25,000","2020 Mazda 3","69K km","AU$27,000"
"https://www.facebook.com/marketplace/item/790068114200008/?ref=category_feed&referral_code=undefined&referral_story_type=listing&tracking=%7B%22qid%22%3A%22-7856606169642468693%22%2C%22mf_story_key%22%3A%2232412729038370907%22%2C%22commerce_rank_obj%22%3A%22%7B%5C%22target_id%5C%22%3A32412729038370907%2C%5C%22target_type%5C%22%3A0%2C%5C%22primary_position%5C%22%3A70%2C%5C%22ranking_signature%5C%22%3A3636332455793815165%2C%5C%22ranking_request_id%5C%22%3A8962385051695390232%2C%5C%22commerce_channel%5C%22%3A504%2C%5C%22value%5C%22%3A4.6745127359372e-5%2C%5C%22candidate_retrieval_source_map%5C%22%3A%7B%5C%2232412729038370907%5C%22%3A111%7D%7D%22%7D&__tn__=!%3AD","https://scontent.fsyd14-1.fna.fbcdn.net/v/t39.30808-6/584302976_1240730521420126_4768099331833458951_n.jpg?stp=c0.169.1536.1536a_dst-jpg_s261x260_tt6&_nc_cat=105&_nc_cb=99be929b-f3b7c874&ccb=1-7&_nc_sid=454cf4&_nc_ohc=JoNZjFZ9NZAQ7kNvwHDZ-jY&_nc_oc=AdkXGMFeWBhvMdxepsoASfyJS2reFUFfzZJ52FY7qM9Lrv0dTsgzkGNKMeMEU8YMaRo&_nc_zt=23&_nc_ht=scontent.fsyd14-1.fna&_nc_gid=r1T3C94S1Wlbv-8i32Q51g&oh=00_Afm-pU3uSGMihaUphKekFzX5HF0GJD2_vksWT4XlWQ-4gg&oe=69354280","AU$8,800","2009 Mazda 3","121K km",""
"https://www.facebook.com/marketplace/item/1517801222816766/?ref=category_feed&referral_code=undefined&referral_story_type=listing&tracking=%7B%22qid%22%3A%22-7856606169642468693%22%2C%22mf_story_key%22%3A%2233427783716820755%22%2C%22commerce_rank_obj%22%3A%22%7B%5C%22target_id%5C%22%3A33427783716820755%2C%5C%22target_type%5C%22%3A0%2C%5C%22primary_position%5C%22%3A73%2C%5C%22ranking_signature%5C%22%3A3636332455793815165%2C%5C%22ranking_request_id%5C%22%3A8962385051695390232%2C%5C%22commerce_channel%5C%22%3A504%2C%5C%22value%5C%22%3A0.00019700396855041%2C%5C%22candidate_retrieval_source_map%5C%22%3A%7B%5C%2233427783716820755%5C%22%3A111%7D%7D%22%7D&__tn__=!%3AD","https://scontent.fsyd14-1.fna.fbcdn.net/v/t39.30808-6/585335629_25037497545858824_5495934441196123729_n.jpg?stp=c799.0.1399.1399a_dst-jpg_s261x260_tt6&_nc_cat=101&_nc_cb=99be929b-f3b7c874&ccb=1-7&_nc_sid=454cf4&_nc_ohc=5uJc-yxT4zkQ7kNvwErERl7&_nc_oc=AdnsmFdjDK-q-sYOT1hc36Ij46VvKhqD--i8pw_HiyEUU1IeRMTpvoZuT7Go144SJK8&_nc_zt=23&_nc_ht=scontent.fsyd14-1.fna&_nc_gid=r1T3C94S1Wlbv-8i32Q51g&oh=00_AfmP7JErfk8zFj4hLuk5shPL39qpQ4E7gNVX3VaoIyBsUA&oe=69353235","AU$1","2023 Mazda 3","25K km",""
"https://www.facebook.com/marketplace/item/2666653833702385/?ref=category_feed&referral_code=undefined&referral_story_type=listing&tracking=%7B%22qid%22%3A%22-7856606169642468693%22%2C%22mf_story_key%22%3A%2225357424430550050%22%2C%22commerce_rank_obj%22%3A%22%7B%5C%22target_id%5C%22%3A25357424430550050%2C%5C%22target_type%5C%22%3A0%2C%5C%22primary_position%5C%22%3A79%2C%5C%22ranking_signature%5C%22%3A3636332455793815165%2C%5C%22ranking_request_id%5C%22%3A8962385051695390232%2C%5C%22commerce_channel%5C%22%3A504%2C%5C%22value%5C%22%3A2.2962729989869e-5%2C%5C%22candidate_retrieval_source_map%5C%22%3A%7B%5C%2225357424430550050%5C%22%3A111%7D%7D%22%7D&__tn__=!%3AD","https://scontent.fsyd14-1.fna.fbcdn.net/v/t39.30808-6/584675108_1356513109500008_7980589971223221814_n.jpg?stp=c256.0.1536.1536a_dst-jpg_s261x260_tt6&_nc_cat=107&_nc_cb=99be929b-f3b7c874&ccb=1-7&_nc_sid=454cf4&_nc_ohc=7oIWk5d8t9QQ7kNvwEgqaPG&_nc_oc=Admgstt5jPPQR1cc3He48zdgZsA49eSFOxY4chVIi-WsRR0IySctVoC41H83_eIPy9E&_nc_zt=23&_nc_ht=scontent.fsyd14-1.fna&_nc_gid=r1T3C94S1Wlbv-8i32Q51g&oh=00_AfnUyEgDjz_WZFsd1-u1djTL4MG-CtnZjfaeLdEzeQqUsA&oe=69355FA1","AU$5,000","2010 Mazda 3","275K km",""
"https://www.facebook.com/marketplace/item/1901964917198010/?ref=category_feed&referral_code=undefined&referral_story_type=listing&tracking=%7B%22qid%22%3A%22-7856606169642468693%22%2C%22mf_story_key%22%3A%2232448919314755843%22%2C%22commerce_rank_obj%22%3A%22%7B%5C%22target_id%5C%22%3A32448919314755843%2C%5C%22target_type%5C%22%3A0%2C%5C%22primary_position%5C%22%3A80%2C%5C%22ranking_signature%5C%22%3A3636332455793815165%2C%5C%22ranking_request_id%5C%22%3A8962385051695390232%2C%5C%22commerce_channel%5C%22%3A504%2C%5C%22value%5C%22%3A5.9682290069877e-5%2C%5C%22candidate_retrieval_source_map%5C%22%3A%7B%5C%2232448919314755843%5C%22%3A111%7D%7D%22%7D&__tn__=!%3AD","https://scontent.fsyd14-1.fna.fbcdn.net/v/t39.30808-6/584373709_122256224498075386_5948863723575577554_n.jpg?stp=c0.295.1153.1153a_dst-jpg_s261x260_tt6&_nc_cat=102&_nc_cb=99be929b-f3b7c874&ccb=1-7&_nc_sid=454cf4&_nc_ohc=6blH7_UWA38Q7kNvwEutkHa&_nc_oc=Admy8FecuTFM1Rx5mjsA6a_Tgat4WTDWtdiE-ChdO7JGaZQJAGxVLWqoXapHR0gLG80&_nc_zt=23&_nc_ht=scontent.fsyd14-1.fna&_nc_gid=r1T3C94S1Wlbv-8i32Q51g&oh=00_AflLj8YqzuKvOb0pHR8DcEJphZpq6QrE4HZFANmsPrffkA&oe=693538B1","AU$4,000","2004 Mazda 3","247K km",""
"https://www.facebook.com/marketplace/item/25143390175280518/?ref=category_feed&referral_code=undefined&referral_story_type=listing&tracking=%7B%22qid%22%3A%22-7856606169642468693%22%2C%22mf_story_key%22%3A%2225629203370021035%22%2C%22commerce_rank_obj%22%3A%22%7B%5C%22target_id%5C%22%3A25629203370021035%2C%5C%22target_type%5C%22%3A0%2C%5C%22primary_position%5C%22%3A82%2C%5C%22ranking_signature%5C%22%3A3636332455793815165%2C%5C%22ranking_request_id%5C%22%3A8962385051695390232%2C%5C%22commerce_channel%5C%22%3A504%2C%5C%22value%5C%22%3A0.0001783432380762%2C%5C%22candidate_retrieval_source_map%5C%22%3A%7B%5C%2225629203370021035%5C%22%3A111%7D%7D%22%7D&__tn__=!%3AD","https://scontent.fsyd14-1.fna.fbcdn.net/v/t39.30808-6/582697316_4296127377337941_2803225416822160311_n.jpg?stp=c0.169.1536.1536a_dst-jpg_s261x260_tt6&_nc_cat=108&_nc_cb=99be929b-f3b7c874&ccb=1-7&_nc_sid=454cf4&_nc_ohc=thLvzNbkBx0Q7kNvwGsoh_A&_nc_oc=AdkrR5nw2KE13F9ajOR_VfLs65z4Db50PxC0nnhfC9Ehjy9Fq_9qOLKoRQAdQnxs0rE&_nc_zt=23&_nc_ht=scontent.fsyd14-1.fna&_nc_gid=r1T3C94S1Wlbv-8i32Q51g&oh=00_AfltzljTC8_ovYaugizf-i0uaqpa6IXWKj9cBRvb6A7epw&oe=69353314","AU$16,000","2017 Mazda 3","150K km","AU$17,000"
"https://www.facebook.com/marketplace/item/1347815962970302/?ref=category_feed&referral_code=undefined&referral_story_type=listing&tracking=%7B%22qid%22%3A%22-7856606169642468693%22%2C%22mf_story_key%22%3A%2225089409267420637%22%2C%22commerce_rank_obj%22%3A%22%7B%5C%22target_id%5C%22%3A25089409267420637%2C%5C%22target_type%5C%22%3A0%2C%5C%22primary_position%5C%22%3A83%2C%5C%22ranking_signature%5C%22%3A3636332455793815165%2C%5C%22ranking_request_id%5C%22%3A8962385051695390232%2C%5C%22commerce_channel%5C%22%3A504%2C%5C%22value%5C%22%3A0.00011385810896372%2C%5C%22candidate_retrieval_source_map%5C%22%3A%7B%5C%2225089409267420637%5C%22%3A111%7D%7D%22%7D&__tn__=!%3AD","https://scontent.fsyd14-1.fna.fbcdn.net/v/t39.30808-6/583902251_1261581722395492_2917086853164790344_n.jpg?stp=c200.0.1200.1200a_dst-jpg_s261x260_tt6&_nc_cat=103&_nc_cb=99be929b-f3b7c874&ccb=1-7&_nc_sid=454cf4&_nc_ohc=PzPs2PGVGcMQ7kNvwHtZqC-&_nc_oc=AdmWYKYxv5joG8cp0dwMgoxApazF1u7oOibXKHDAbtIe_W5hrGWy8AGzBbkPutacsoc&_nc_zt=23&_nc_ht=scontent.fsyd14-1.fna&_nc_gid=r1T3C94S1Wlbv-8i32Q51g&oh=00_Afl0Y3ifqTGkSxKsG5BgUW2chWL8XBUz-RtaSRbg3qcsGA&oe=69354A8C","AU$17,999","2015 Mazda 3","54K km","AU$19,999"
"https://www.facebook.com/marketplace/item/4311597689162331/?ref=category_feed&referral_code=undefined&referral_story_type=listing&tracking=%7B%22qid%22%3A%22-7856606169642468693%22%2C%22mf_story_key%22%3A%2226212596934995495%22%2C%22commerce_rank_obj%22%3A%22%7B%5C%22target_id%5C%22%3A26212596934995495%2C%5C%22target_type%5C%22%3A0%2C%5C%22primary_position%5C%22%3A84%2C%5C%22ranking_signature%5C%22%3A3636332455793815165%2C%5C%22ranking_request_id%5C%22%3A8962385051695390232%2C%5C%22commerce_channel%5C%22%3A504%2C%5C%22value%5C%22%3A7.6509997581228e-6%2C%5C%22candidate_retrieval_source_map%5C%22%3A%7B%5C%2226212596934995495%5C%22%3A111%7D%7D%22%7D&__tn__=!%3AD","https://scontent.fsyd14-1.fna.fbcdn.net/v/t39.30808-6/582040929_10161316391447142_5980326032823345394_n.jpg?stp=c256.0.1536.1536a_dst-jpg_s261x260_tt6&_nc_cat=102&_nc_cb=99be929b-f3b7c874&ccb=1-7&_nc_sid=454cf4&_nc_ohc=z-bIClBrqbAQ7kNvwEYhAlc&_nc_oc=AdktHZODJKEoI6C5lUbMeROpGyrCXfVN2Di7GebJPS9n81DbFQ88VCjclArwpX70ZDU&_nc_zt=23&_nc_ht=scontent.fsyd14-1.fna&_nc_gid=r1T3C94S1Wlbv-8i32Q51g&oh=00_Afk_JAG_IQgBbnoXTw50RDkTBkfk6k0nV5BwR97LomE8Mg&oe=693536B3","AU$7,000","2012 Mazda 3","306K km","AU$8,800"
"https://www.facebook.com/marketplace/item/1897430287651144/?ref=category_feed&referral_code=undefined&referral_story_type=listing&tracking=%7B%22qid%22%3A%22-7856606169642468693%22%2C%22mf_story_key%22%3A%2225176551328665788%22%2C%22commerce_rank_obj%22%3A%22%7B%5C%22target_id%5C%22%3A25176551328665788%2C%5C%22target_type%5C%22%3A0%2C%5C%22primary_position%5C%22%3A86%2C%5C%22ranking_signature%5C%22%3A3636332455793815165%2C%5C%22ranking_request_id%5C%22%3A8962385051695390232%2C%5C%22commerce_channel%5C%22%3A504%2C%5C%22value%5C%22%3A7.6788199132857e-6%2C%5C%22candidate_retrieval_source_map%5C%22%3A%7B%5C%2225176551328665788%5C%22%3A111%7D%7D%22%7D&__tn__=!%3AD","https://scontent.fsyd14-1.fna.fbcdn.net/v/t39.30808-6/583134290_10240632920586028_8127473823394162455_n.jpg?stp=c0.169.1536.1536a_dst-jpg_s261x260_tt6&_nc_cat=102&_nc_cb=99be929b-f3b7c874&ccb=1-7&_nc_sid=454cf4&_nc_ohc=ebRNipKqEqsQ7kNvwHOoHQE&_nc_oc=AdnUTQSbZADRKEai29dJH-NxhgjssGwDihO81wjxUkuR85R_u2OdeI4USJgTITravrA&_nc_zt=23&_nc_ht=scontent.fsyd14-1.fna&_nc_gid=r1T3C94S1Wlbv-8i32Q51g&oh=00_AfklTMoBiHcqRLkHCVNxMXr4fF3VTtXYo0X1uIKrd-ZSPw&oe=693540D2","AU$10,000","2012 Mazda 3","131K km",""