"x1i10hfl href","x15mokao src","a","b","c","d"
"https://www.facebook.com/marketplace/item/2615612355472000/?ref=category_feed&referral_code=undefined&referral_story_type=listing&tracking=%7B%22qid%22%3A%22-7856604451648461588%22%2C%22mf_story_key%22%3A%2225196664973359203%22%2C%22commerce_rank_obj%22%3A%22%7B%5C%22target_id%5C%22%3A25196664973359203%2C%5C%22target_type%5C%22%3A0%2C%5C%22primary_position%5C%22%3A0%2C%5C%22ranking_signature%5C%22%3A5467655871843466264%2C%5C%22ranking_request_id%5C%22%3A5693097433627713237%2C%5C%22commerce_channel%5C%22%3A504%2C%5C%22value%5C%22%3A0.00011511621364356%2C%5C%22candidate_retrieval_source_map%5C%22%3A%7B%5C%2225196664973359203%5C%22%3A111%7D%7D%22%7D&__tn__=!%3AD","https://scontent.fsyd14-1.fna.fbcdn.net/v/t39.30808-6/592678323_1369155801317022_3967871805643193561_n.jpg?stp=c256.0.1536.1536a_dst-jpg_s261x260_tt6&_nc_cat=109&_nc_cb=99be929b-f3b7c874&ccb=1-7&_nc_sid=454cf4&_nc_ohc=AwzDVOsiS0sQ7kNvwE0qMBB&_nc_oc=AdkCI7kRz-YF3VN165_jyBv9QZ4Xrj6ibK8UclgGtMrQpGs8w8KN-G591Jfcxth9ohk&_nc_zt=23&_nc_ht=scontent.fsyd14-1.fna&_nc_gid=y4MeiWMOwmj9By5uAPHO0A&oh=00_AfmQyWA5MPc1aHheKJwj-Lxtt3aJMZEq3fiir23_KDtNIA&oe=693537E9","AU$11,000","2005 Honda integra","Sydney, NSW","233K km"
"https://www.facebook.com/marketplace/item/1944586746093391/?ref=category_feed&referral_code=undefined&referral_story_type=listing&tracking=%7B%22qid%22%3A%22-7856604451648461588%22%2C%22mf_story_key%22%3A%2233681696938096446%22%2C%22commerce_rank_obj%22%3A%22%7B%5C%22target_id%5C%22%3A33681696938096446%2C%5C%22target_type%5C%22%3A0%2C%5C%22primary_position%5C%22%3A1%2C%5C%22ranking_signature%5C%22%3A5467655871843466264%2C%5C%22ranking_request_id%5C%22%3A5693097433627713237%2C%5C%22commerce_channel%5C%22%3A504%2C%5C%22value%5C%22%3A9.5819914535196e-5%2C%5C%22candidate_retrieval_source_map%5C%22%3A%7B%5C%2233681696938096446%5C%22%3A111%7D%7D%22%7D&__tn__=!%3AD","https://scontent.fsyd14-1.fna.fbcdn.net/v/t39.30808-6/593583595_2048278975948420_7051337339819448827_n.jpg?stp=c0.169.1537.1537a_dst-jpg_s261x260_tt6&_nc_cat=110&_nc_cb=99be929b-f3b7c874&ccb=1-7&_nc_sid=454cf4&_nc_ohc=PWo8MyXHKwUQ7kNvwHYPaN7&_nc_oc=AdlYkUd5lVYUQb93JkvsmtvCYPNPICL-EnU0aKv7znwY1xSW4EhKRs2zYca5iU3IxqM&_nc_zt=23&_nc_ht=scontent.fsyd14-1.fna&_nc_gid=y4MeiWMOwmj9By5uAPHO0A&oh=00_Afnho0xthg3PMSFYFocAFWejOJFuBrkZvKQZN5f5k69I8A&oe=69356159","AU$5,500","2007 Honda cr-v","Sydney, NSW","158K km"
"https://www.facebook.com/marketplace/item/32797973256483084/?ref=category_feed&referral_code=undefined&referral_story_type=listing&tracking=%7B%22qid%22%3A%22-7856604451648461588%22%2C%22mf_story_key%22%3A%2225381937614807709%22%2C%22commerce_rank_obj%22%3A%22%7B%5C%22target_id%5C%22%3A25381937614807709%2C%5C%22target_type%5C%22%3A0%2C%5C%22primary_position%5C%22%3A2%2C%5C%22ranking_signature%5C%22%3A5467655871843466264%2C%5C%22ranking_request_id%5C%22%3A5693097433627713237%2C%5C%22commerce_channel%5C%22%3A504%2C%5C%22value%5C%22%3A7.1849408078386e-5%2C%5C%22candidate_retrieval_source_map%5C%22%3A%7B%5C%2225381937614807709%5C%22%3A111%7D%7D%22%7D&__tn__=!%3AD","https://scontent.fsyd14-1.fna.fbcdn.net/v/t39.30808-6/592372861_3044816109031496_5585793926719313246_n.jpg?stp=c0.169.1536.1536a_dst-jpg_s261x260_tt6&_nc_cat=102&_nc_cb=99be929b-f3b7c874&ccb=1-7&_nc_sid=454cf4&_nc_ohc=ftQz4qytT-EQ7kNvwFYASAd&_nc_oc=AdmA4rwoO6M2yvUlJBN_XY6Jo07RRlT_MYIpqs9p8AvGvNEP1jd_nEPFaAZcUXp_7uw&_nc_zt=23&_nc_ht=scontent.fsyd14-1.fna&_nc_gid=y4MeiWMOwmj9By5uAPHO0A&oh=00_AfmCEF547fRKjDkA5iRErUeNzBjxX4ZRr4w4B0XuZmodqw&oe=69356659","AU$3,400","2006 Honda accord","Sydney, NSW","223K km"
"https://www.facebook.com/marketplace/item/849894307960790/?ref=category_feed&referral_code=undefined&referral_story_type=listing&tracking=%7B%22qid%22%3A%22-7856604451648461588%22%2C%22mf_story_key%22%3A%2225157102590610684%22%2C%22commerce_rank_obj%22%3A%22%7B%5C%22target_id%5C%22%3A25157102590610684%2C%5C%22target_type%5C%22%3A0%2C%5C%22primary_position%5C%22%3A3%2C%5C%22ranking_signature%5C%22%3A5467655871843466264%2C%5C%22ranking_request_id%5C%22%3A5693097433627713237%2C%5C%22commerce_channel%5C%22%3A504%2C%5C%22value%5C%22%3A7.3553145353997e-5%2C%5C%22candidate_retrieval_source_map%5C%22%3A%7B%5C%2225157102590610684%5C%22%3A111%7D%7D%22%7D&__tn__=!%3AD","https://scontent.fsyd14-1.fna.fbcdn.net/v/t39.30808-6/588327019_25093266910299947_4092684976031186220_n.jpg?stp=c256.0.1537.1537a_dst-jpg_s261x260_tt6&_nc_cat=106&_nc_cb=99be929b-f3b7c874&ccb=1-7&_nc_sid=454cf4&_nc_ohc=OBEGxFCiLUsQ7kNvwHCF24_&_nc_oc=AdnSnB2x5j1qJaoJWczP_fWx_rpZzHeFWo0JmgrKdAAPgIwY16yALyyYV9jb7LhIYh8&_nc_zt=23&_nc_ht=scontent.fsyd14-1.fna&_nc_gid=y4MeiWMOwmj9By5uAPHO0A&oh=00_AfljF9pS0g3sVJr3PA0rW0nJB6mLk5TDRvbSGRrabCNQ0w&oe=69354A6B","AU$3,500","2006 Honda accord","Sydney, NSW","220K km"
"https://www.facebook.com/marketplace/item/744741998654004/?ref=category_feed&referral_code=undefined&referral_story_type=listing&tracking=%7B%22qid%22%3A%22-7856604451648461588%22%2C%22mf_story_key%22%3A%2226571282022461227%22%2C%22commerce_rank_obj%22%3A%22%7B%5C%22target_id%5C%22%3A26571282022461227%2C%5C%22target_type%5C%22%3A0%2C%5C%22primary_position%5C%22%3A4%2C%5C%22ranking_signature%5C%22%3A5467655871843466264%2C%5C%22ranking_request_id%5C%22%3A5693097433627713237%2C%5C%22commerce_channel%5C%22%3A504%2C%5C%22value%5C%22%3A7.1917555648958e-5%2C%5C%22candidate_retrieval_source_map%5C%22%3A%7B%5C%2226571282022461227%5C%22%3A111%7D%7D%22%7D&__tn__=!%3AD","https://scontent.fsyd14-1.fna.fbcdn.net/v/t39.30808-6/590270137_829559153037405_3672456082002818889_n.jpg?stp=c0.169.1537.1537a_dst-jpg_s261x260_tt6&_nc_cat=104&_nc_cb=99be929b-f3b7c874&ccb=1-7&_nc_sid=454cf4&_nc_ohc=0mbvUT4yr8gQ7kNvwEWQe22&_nc_oc=AdnXukMAqz7cpsPiXgzNp6lNpYlX7YsvOpn0bR6AVNqFTkTlDsZ0D_e0IKbgXfrFAtk&_nc_zt=23&_nc_ht=scontent.fsyd14-1.fna&_nc_gid=y4MeiWMOwmj9By5uAPHO0A&oh=00_Afm7Ukz8oEw0yU_FSJbMlt7p4pFcJMHJdb1Ly1hqvyEoMQ&oe=69355405","AU$4,500","2006 Honda accord","Sydney, NSW","201K km"
"https://www.facebook.com/marketplace/item/1161240069539393/?ref=category_feed&referral_code=undefined&referral_story_type=listing&tracking=%7B%22qid%22%3A%22-7856604451648461588%22%2C%22mf_story_key%22%3A%2224872437452458751%22%2C%22commerce_rank_obj%22%3A%22%7B%5C%22target_id%5C%22%3A24872437452458751%2C%5C%22target_type%5C%22%3A0%2C%5C%22primary_position%5C%22%3A5%2C%5C%22ranking_signature%5C%22%3A5467655871843466264%2C%5C%22ranking_request_id%5C%22%3A5693097433627713237%2C%5C%22commerce_channel%5C%22%3A504%2C%5C%22value%5C%22%3A0.00010154181703052%2C%5C%22candidate_retrieval_source_map%5C%22%3A%7B%5C%2224872437452458751%5C%22%3A111%7D%7D%22%7D&__tn__=!%3AD","https://scontent.fsyd14-1.fna.fbcdn.net/v/t39.30808-6/593541685_829556483037672_3747813723886855577_n.jpg?stp=c0.169.1537.1537a_dst-jpg_s261x260_tt6&_nc_cat=110&_nc_cb=99be929b-f3b7c874&ccb=1-7&_nc_sid=454cf4&_nc_ohc=6y8g_JdRGlMQ7kNvwHQ9P5W&_nc_oc=Adnk-FksYaKZ1a2GvlOSy_Rochvz3ue3QxGYwJSplOpY6MTxrmMbYcruj73oD4OXySs&_nc_zt=23&_nc_ht=scontent.fsyd14-1.fna&_nc_gid=y4MeiWMOwmj9By5uAPHO0A&oh=00_AfkpVaIWPN2kQg-QJogRTviG-V2boKVTUpOQeAhBfPfkuA&oe=693563BC","AU$7,300","2006 Honda accord","Sydney, NSW","54K km"
"https://www.facebook.com/marketplace/item/1930300207580813/?ref=category_feed&referral_code=undefined&referral_story_type=listing&tracking=%7B%22qid%22%3A%22-7856604451648461588%22%2C%22mf_story_key%22%3A%2225234723672856303%22%2C%22commerce_rank_obj%22%3A%22%7B%5C%22target_id%5C%22%3A25234723672856303%2C%5C%22target_type%5C%22%3A0%2C%5C%22primary_position%5C%22%3A6%2C%5C%22ranking_signature%5C%22%3A5467655871843466264%2C%5C%22ranking_request_id%5C%22%3A5693097433627713237%2C%5C%22commerce_channel%5C%22%3A504%2C%5C%22value%5C%22%3A6.3072868623855e-5%2C%5C%22candidate_retrieval_source_map%5C%22%3A%7B%5C%2225234723672856303%5C%22%3A111%7D%7D%22%7D&__tn__=!%3AD","https://scontent.fsyd14-1.fna.fbcdn.net/v/t39.30808-6/594496918_2430604554020607_8579689164934176401_n.jpg?stp=c256.0.1536.1536a_dst-jpg_s261x260_tt6&_nc_cat=104&_nc_cb=99be929b-f3b7c874&ccb=1-7&_nc_sid=454cf4&_nc_ohc=KhMZT1EkwZAQ7kNvwH3H2we&_nc_oc=AdlPR8TKOhXjqpllqmSK3b9BJWvoJY2UIdyxl8iMyyOVqfo3idVjcAdBmzsaM-WaRTs&_nc_zt=23&_nc_ht=scontent.fsyd14-1.fna&_nc_gid=y4MeiWMOwmj9By5uAPHO0A&oh=00_AfkAvT3DUSx7mlogT90L1l_DdpJYdKfFFp-reg3g9bIaAg&oe=693532C3","AU$4,500","2004 Honda odyssey","Sydney, NSW","199K km"
"https://www.facebook.com/marketplace/item/1921549908746032/?ref=category_feed&referral_code=undefined&referral_story_type=listing&tracking=%7B%22qid%22%3A%22-7856603970513258405%22%2C%22mf_story_key%22%3A%2225293416933660570%22%2C%22commerce_rank_obj%22%3A%22%7B%5C%22target_id%5C%22%3A25293416933660570%2C%5C%22target_type%5C%22%3A0%2C%5C%22primary_position%5C%22%3A1%2C%5C%22ranking_signature%5C%22%3A2071941970411360661%2C%5C%22ranking_request_id%5C%22%3A6141639243563776316%2C%5C%22commerce_channel%5C%22%3A504%2C%5C%22value%5C%22%3A0.00020477392536122%2C%5C%22candidate_retrieval_source_map%5C%22%3A%7B%5C%2225293416933660570%5C%22%3A111%7D%7D%22%7D&__tn__=!%3AD","https://scontent.fsyd14-1.fna.fbcdn.net/v/t39.30808-6/594063602_25128951696766923_5041560134248301122_n.jpg?stp=c0.169.1536.1536a_dst-jpg_s261x260_tt6&_nc_cat=100&_nc_cb=99be929b-f3b7c874&ccb=1-7&_nc_sid=454cf4&_nc_ohc=SxeIBircWuQQ7kNvwGvvDAw&_nc_oc=AdmuTICbkGmA2AQ_sI4OImsGnQgDmr8NWg6inuvhyEoX-X611RmAXDCIQgX-TCl2D5o&_nc_zt=23&_nc_ht=scontent.fsyd14-1.fna&_nc_gid=oYEqbVpM8qaHSN6XGP52mQ&oh=00_Afl2zBpNKklQiFyUZ9v9zjU6r1S_mAO8WLvq5q0rRb3AwQ&oe=69355E8F","AU$10,800","2008 Honda civic","Sydney, NSW","124K km"
"https://www.facebook.com/marketplace/item/1340145261181755/?ref=category_feed&referral_code=undefined&referral_story_type=listing&tracking=%7B%22qid%22%3A%22-7856604451648461588%22%2C%22mf_story_key%22%3A%2232669530886025674%22%2C%22commerce_rank_obj%22%3A%22%7B%5C%22target_id%5C%22%3A32669530886025674%2C%5C%22target_type%5C%22%3A0%2C%5C%22primary_position%5C%22%3A8%2C%5C%22ranking_signature%5C%22%3A5467655871843466264%2C%5C%22ranking_request_id%5C%22%3A5693097433627713237%2C%5C%22commerce_channel%5C%22%3A504%2C%5C%22value%5C%22%3A4.2131936679205e-5%2C%5C%22candidate_retrieval_source_map%5C%22%3A%7B%5C%2232669530886025674%5C%22%3A111%7D%7D%22%7D&__tn__=!%3AD","https://scontent.fsyd14-1.fna.fbcdn.net/v/t39.30808-6/593536363_823411874017823_5601513255209247868_n.jpg?stp=c0.363.947.947a_dst-jpg_s261x260_tt6&_nc_cat=111&_nc_cb=99be929b-f3b7c874&ccb=1-7&_nc_sid=454cf4&_nc_ohc=lG9x5cbAplAQ7kNvwGZy7qV&_nc_oc=AdkGVlQ5ZH0T1sukGr6vFDH3Fle2H8cGHUXVhbkOTK0d4zhXx-adbimkSyFieSWb_0s&_nc_zt=23&_nc_ht=scontent.fsyd14-1.fna&_nc_gid=y4MeiWMOwmj9By5uAPHO0A&oh=00_AfmpD82dqxKJUHhzrwzgBdQ15rF3wwkKDEzETSUyGKaGbw&oe=693542F2","AU$3,800","2006 Honda accord","Sydney, NSW","225K km"
"https://www.facebook.com/marketplace/item/1004638745204069/?ref=category_feed&referral_code=undefined&referral_story_type=listing&tracking=%7B%22qid%22%3A%22-7856604451648461588%22%2C%22mf_story_key%22%3A%2232659591473685465%22%2C%22commerce_rank_obj%22%3A%22%7B%5C%22target_id%5C%22%3A32659591473685465%2C%5C%22target_type%5C%22%3A0%2C%5C%22primary_position%5C%22%3A9%2C%5C%22ranking_signature%5C%22%3A5467655871843466264%2C%5C%22ranking_request_id%5C%22%3A5693097433627713237%2C%5C%22commerce_channel%5C%22%3A504%2C%5C%22value%5C%22%3A0.00025966669384597%2C%5C%22candidate_retrieval_source_map%5C%22%3A%7B%5C%2232659591473685465%5C%22%3A111%7D%7D%22%7D&__tn__=!%3AD","https://scontent.fsyd14-1.fna.fbcdn.net/v/t39.30808-6/592008852_25347315988287725_1985092161942238479_n.jpg?stp=c0.169.1536.1536a_dst-jpg_s261x260_tt6&_nc_cat=110&_nc_cb=99be929b-f3b7c874&ccb=1-7&_nc_sid=454cf4&_nc_ohc=Mv4AIQ6Pc1MQ7kNvwGuLTij&_nc_oc=AdlXWcM0NiBsT8udVY5FK02L44bv7ZbR8OR6yk2644JfhoRPLRFl7y1-O1a611xcXps&_nc_zt=23&_nc_ht=scontent.fsyd14-1.fna&_nc_gid=y4MeiWMOwmj9By5uAPHO0A&oh=00_Afl2dLAoNLxpSypR6lsjdyIc_Zn7lzzsuXU3ve7qrCC4Ig&oe=69355F29","AU$8,900","2011 Honda jazz","Sydney, NSW","146K km"
"https://www.facebook.com/marketplace/item/1502687840786008/?ref=category_feed&referral_code=undefined&referral_story_type=listing&tracking=%7B%22qid%22%3A%22-7856603970513258405%22%2C%22mf_story_key%22%3A%2225705971435701393%22%2C%22commerce_rank_obj%22%3A%22%7B%5C%22target_id%5C%22%3A25705971435701393%2C%5C%22target_type%5C%22%3A0%2C%5C%22primary_position%5C%22%3A3%2C%5C%22ranking_signature%5C%22%3A2071941970411360661%2C%5C%22ranking_request_id%5C%22%3A6141639243563776316%2C%5C%22commerce_channel%5C%22%3A504%2C%5C%22value%5C%22%3A7.7836310083512e-5%2C%5C%22candidate_retrieval_source_map%5C%22%3A%7B%5C%2225705971435701393%5C%22%3A111%7D%7D%22%7D&__tn__=!%3AD","https://scontent.fsyd14-1.fna.fbcdn.net/v/t39.30808-6/593584787_1396486462186834_738338667212940315_n.jpg?stp=c200.0.1200.1200a_dst-jpg_s261x260_tt6&_nc_cat=103&_nc_cb=99be929b-f3b7c874&ccb=1-7&_nc_sid=454cf4&_nc_ohc=N4lYVQX8Wv4Q7kNvwHo1Aaj&_nc_oc=AdlXfAs-kEVKT87HjTklyayzyJ-isUbNUpbcsNFxR6QKm8ZdfJ_Zczw9h0Nwd0BjHt8&_nc_zt=23&_nc_ht=scontent.fsyd14-1.fna&_nc_gid=oYEqbVpM8qaHSN6XGP52mQ&oh=00_AflFSJidBRAaH0Ge5nabWhyPt6Ua_WpXLiX73rPFoSJDaQ&oe=69353492","AU$4,400","2007 Honda civic","Sydney, NSW","214K km"
"https://www.facebook.com/marketplace/item/2039959596845495/?ref=category_feed&referral_code=undefined&referral_story_type=listing&tracking=%7B%22qid%22%3A%22-7856603970513258405%22%2C%22mf_story_key%22%3A%2232584630197848978%22%2C%22commerce_rank_obj%22%3A%22%7B%5C%22target_id%5C%22%3A32584630197848978%2C%5C%22target_type%5C%22%3A0%2C%5C%22primary_position%5C%22%3A4%2C%5C%22ranking_signature%5C%22%3A2071941970411360661%2C%5C%22ranking_request_id%5C%22%3A6141639243563776316%2C%5C%22commerce_channel%5C%22%3A504%2C%5C%22value%5C%22%3A0.00022098682199912%2C%5C%22candidate_retrieval_source_map%5C%22%3A%7B%5C%2232584630197848978%5C%22%3A111%7D%7D%22%7D&__tn__=!%3AD","https://scontent.fsyd14-1.fna.fbcdn.net/v/t39.30808-6/591697760_3747754075355668_348521388545622265_n.jpg?stp=c0.179.1162.1162a_dst-jpg_s261x260_tt6&_nc_cat=101&_nc_cb=99be929b-f3b7c874&ccb=1-7&_nc_sid=454cf4&_nc_ohc=_7de61VQTusQ7kNvwESvRDJ&_nc_oc=Adlo2UOd0F7VE_vlbT21JzdiVHdb4KlGvzFlp6e4L44jbi19EO-4V-q-9XTL5AzcTSA&_nc_zt=23&_nc_ht=scontent.fsyd14-1.fna&_nc_gid=oYEqbVpM8qaHSN6XGP52mQ&oh=00_AfnAdmEf2x3zDDTx9m8HxJ1qDygsJctB33lk5Xu3ojA_YA&oe=69355420","AU$5,900","2007 Honda civic","Sydney, NSW","168K km"
"https://www.facebook.com/marketplace/item/857718367032489/?ref=category_feed&referral_code=undefined&referral_story_type=listing&tracking=%7B%22qid%22%3A%22-7856604451648461588%22%2C%22mf_story_key%22%3A%2225507398862217584%22%2C%22commerce_rank_obj%22%3A%22%7B%5C%22target_id%5C%22%3A25507398862217584%2C%5C%22target_type%5C%22%3A0%2C%5C%22primary_position%5C%22%3A12%2C%5C%22ranking_signature%5C%22%3A5467655871843466264%2C%5C%22ranking_request_id%5C%22%3A5693097433627713237%2C%5C%22commerce_channel%5C%22%3A504%2C%5C%22value%5C%22%3A9.5645674183102e-5%2C%5C%22candidate_retrieval_source_map%5C%22%3A%7B%5C%2225507398862217584%5C%22%3A111%7D%7D%22%7D&__tn__=!%3AD","https://scontent.fsyd14-1.fna.fbcdn.net/v/t39.30808-6/594067357_10162152522467960_7907634030884411466_n.jpg?stp=c256.0.1536.1536a_dst-jpg_s261x260_tt6&_nc_cat=105&_nc_cb=99be929b-f3b7c874&ccb=1-7&_nc_sid=454cf4&_nc_ohc=MeVRIKhF5loQ7kNvwEiBfvZ&_nc_oc=AdmeLk_L6Dz1aECdXdx1eEaRXploF2DtRyrt0QkVmwpyDaBr5_OnceWV641a9O5NESc&_nc_zt=23&_nc_ht=scontent.fsyd14-1.fna&_nc_gid=y4MeiWMOwmj9By5uAPHO0A&oh=00_Afn58fdGu_hckGoXDcQnzXi4p5GF2Mc56gu3aIB3pgceJQ&oe=69353A22","AU$36,500","2016 Honda s660","Sydney, NSW","46K km"
"https://www.facebook.com/marketplace/item/1190953932455963/?ref=category_feed&referral_code=undefined&referral_story_type=listing&tracking=%7B%22qid%22%3A%22-7856604451648461588%22%2C%22mf_story_key%22%3A%2225387049977592859%22%2C%22commerce_rank_obj%22%3A%22%7B%5C%22target_id%5C%22%3A25387049977592859%2C%5C%22target_type%5C%22%3A0%2C%5C%22primary_position%5C%22%3A13%2C%5C%22ranking_signature%5C%22%3A5467655871843466264%2C%5C%22ranking_request_id%5C%22%3A5693097433627713237%2C%5C%22commerce_channel%5C%22%3A504%2C%5C%22value%5C%22%3A8.870625122419e-6%2C%5C%22candidate_retrieval_source_map%5C%22%3A%7B%5C%2225387049977592859%5C%22%3A111%7D%7D%22%7D&__tn__=!%3AD","https://scontent.fsyd14-1.fna.fbcdn.net/v/t39.30808-6/592378817_1945329723532055_1538229213142158328_n.jpg?stp=c0.225.878.878a_dst-jpg_s261x260_tt6&_nc_cat=111&_nc_cb=99be929b-f3b7c874&ccb=1-7&_nc_sid=454cf4&_nc_ohc=vB7GlgfHKQgQ7kNvwHMhwB4&_nc_oc=AdnaAVvJ1I3unBzWPv2RTKQxEyjHH-LdZxwuKo95mcudbe8h4FmAqsaBQoQNOetU0fA&_nc_zt=23&_nc_ht=scontent.fsyd14-1.fna&_nc_gid=y4MeiWMOwmj9By5uAPHO0A&oh=00_AfnxT39Q2lIKqThOV6i0onLvA9yETue1rmvyOf30pawRFw&oe=69356492","AU$3,300","2020 Honda crf","Central Coast, NSW","300 km"
"https://www.facebook.com/marketplace/item/2552341155140998/?ref=category_feed&referral_code=undefined&referral_story_type=listing&tracking=%7B%22qid%22%3A%22-7856604451648461588%22%2C%22mf_story_key%22%3A%2225568800799438934%22%2C%22commerce_rank_obj%22%3A%22%7B%5C%22target_id%5C%22%3A25568800799438934%2C%5C%22target_type%5C%22%3A0%2C%5C%22primary_position%5C%22%3A14%2C%5C%22ranking_signature%5C%22%3A5467655871843466264%2C%5C%22ranking_request_id%5C%22%3A5693097433627713237%2C%5C%22commerce_channel%5C%22%3A504%2C%5C%22value%5C%22%3A3.9675196976567e-6%2C%5C%22candidate_retrieval_source_map%5C%22%3A%7B%5C%2225568800799438934%5C%22%3A111%7D%7D%22%7D&__tn__=!%3AD","https://scontent.fsyd14-1.fna.fbcdn.net/v/t39.30808-6/591133067_2013673809412352_1226192267166846040_n.jpg?stp=c200.0.1200.1200a_dst-jpg_s261x260_tt6&_nc_cat=106&_nc_cb=99be929b-f3b7c874&ccb=1-7&_nc_sid=454cf4&_nc_ohc=01Fbw59U-b0Q7kNvwF7WRL5&_nc_oc=AdmXfsCBo2qtbx5E_l4BrbvavVSzm_pf-sequlsCaIErAjBNAopjhUk7zmBPmTRwpFY&_nc_zt=23&_nc_ht=scontent.fsyd14-1.fna&_nc_gid=y4MeiWMOwmj9By5uAPHO0A&oh=00_AfledsRohkVQzRUFk_sqaLb1qCtZPcH0Sr53uyHYH4Hujw&oe=69355F3C","AU$6,000","2004 Honda accord","Sydney, NSW","176K km"
"https://www.facebook.com/marketplace/item/1239011351454219/?ref=category_feed&referral_code=undefined&referral_story_type=listing&tracking=%7B%22qid%22%3A%22-7856603970513258405%22%2C%22mf_story_key%22%3A%2232768523686095980%22%2C%22commerce_rank_obj%22%3A%22%7B%5C%22target_id%5C%22%3A32768523686095980%2C%5C%22target_type%5C%22%3A0%2C%5C%22primary_position%5C%22%3A7%2C%5C%22ranking_signature%5C%22%3A2071941970411360661%2C%5C%22ranking_request_id%5C%22%3A6141639243563776316%2C%5C%22commerce_channel%5C%22%3A504%2C%5C%22value%5C%22%3A0.00029823607176568%2C%5C%22candidate_retrieval_source_map%5C%22%3A%7B%5C%2232768523686095980%5C%22%3A111%7D%7D%22%7D&__tn__=!%3AD","https://scontent.fsyd14-1.fna.fbcdn.net/v/t39.30808-6/592008894_26041096478826567_3800314390804548321_n.jpg?stp=c0.169.1537.1537a_dst-jpg_s261x260_tt6&_nc_cat=102&_nc_cb=99be929b-f3b7c874&ccb=1-7&_nc_sid=454cf4&_nc_ohc=bJbTB-Bex_8Q7kNvwG16LXy&_nc_oc=Adl-u1nPvL2fqtc9f7PMKGJf9nn6YgAjU1YElTHPJwXkR5f06luuNrgH6_u1mtRGL0Q&_nc_zt=23&_nc_ht=scontent.fsyd14-1.fna&_nc_gid=oYEqbVpM8qaHSN6XGP52mQ&oh=00_AfmYoIZIGvkyFG9AOQvqC9JR7XT_rRdkimBERKr5Ct88PQ&oe=693564E5","AU$19,500","2017 Honda civic","Sydney, NSW","94K km"
"https://www.facebook.com/marketplace/item/2096312014443023/?ref=category_feed&referral_code=undefined&referral_story_type=listing&tracking=%7B%22qid%22%3A%22-7856604451648461588%22%2C%22mf_story_key%22%3A%2226147802861476704%22%2C%22commerce_rank_obj%22%3A%22%7B%5C%22target_id%5C%22%3A26147802861476704%2C%5C%22target_type%5C%22%3A0%2C%5C%22primary_position%5C%22%3A18%2C%5C%22ranking_signature%5C%22%3A5467655871843466264%2C%5C%22ranking_request_id%5C%22%3A5693097433627713237%2C%5C%22commerce_channel%5C%22%3A504%2C%5C%22value%5C%22%3A0.00019426181097515%2C%5C%22candidate_retrieval_source_map%5C%22%3A%7B%5C%2226147802861476704%5C%22%3A111%7D%7D%22%7D&__tn__=!%3AD","https://scontent.fsyd14-1.fna.fbcdn.net/v/t39.30808-6/592137000_10163575499694510_8279087782729597892_n.jpg?stp=c256.0.1536.1536a_dst-jpg_s261x260_tt6&_nc_cat=109&_nc_cb=99be929b-f3b7c874&ccb=1-7&_nc_sid=454cf4&_nc_ohc=KagsskMjUBoQ7kNvwFaQ_R5&_nc_oc=AdkMaZEDqa-Z_roFjoHn64Kw3Neohi5WghMjigl2u7d7c3lwjcbIhjyBHcj71yljpU8&_nc_zt=23&_nc_ht=scontent.fsyd14-1.fna&_nc_gid=y4MeiWMOwmj9By5uAPHO0A&oh=00_AfnE5U9afFvG6iJzLIa5XZMm7ABBC3fcjKOdLqnYjfBr8A&oe=69354929","AU$12,500","2013 Honda accord","Sydney, NSW","134K km"
"https://www.facebook.com/marketplace/item/882914197501420/?ref=category_feed&referral_code=undefined&referral_story_type=listing&tracking=%7B%22qid%22%3A%22-7856604451648461588%22%2C%22mf_story_key%22%3A%2232951402601139698%22%2C%22commerce_rank_obj%22%3A%22%7B%5C%22target_id%5C%22%3A32951402601139698%2C%5C%22target_type%5C%22%3A0%2C%5C%22primary_position%5C%22%3A19%2C%5C%22ranking_signature%5C%22%3A5467655871843466264%2C%5C%22ranking_request_id%5C%22%3A5693097433627713237%2C%5C%22commerce_channel%5C%22%3A504%2C%5C%22value%5C%22%3A1.6285024540456e-5%2C%5C%22candidate_retrieval_source_map%5C%22%3A%7B%5C%2232951402601139698%5C%22%3A111%7D%7D%22%7D&__tn__=!%3AD","https://scontent.fsyd14-1.fna.fbcdn.net/v/t39.30808-6/590789315_4411010072555535_1652567912965105466_n.jpg?stp=c0.185.720.720a_dst-jpg_s261x260_tt6&_nc_cat=100&_nc_cb=99be929b-f3b7c874&ccb=1-7&_nc_sid=454cf4&_nc_ohc=fBftbblDLA4Q7kNvwFO_s-N&_nc_oc=AdlqsqAXqdcTVHCK1_5JvGi1tZoLOIwVZchjspitJ6FW1hi8sKt5WOXKTC4sKvS-iw4&_nc_zt=23&_nc_ht=scontent.fsyd14-1.fna&_nc_gid=y4MeiWMOwmj9By5uAPHO0A&oh=00_Afl0f_8_pEZjHlZVbpPjs4botgLnv1VblbfJpQvOE3ILkg&oe=693568EF","AU$2,300","2023 Honda nsc110cbf","Sydney, NSW","35K km"
"https://www.facebook.com/marketplace/item/1943248919935631/?ref=category_feed&referral_code=undefined&referral_story_type=listing&tracking=%7B%22qid%22%3A%22-7856604451648461588%22%2C%22mf_story_key%22%3A%2225390433030612285%22%2C%22commerce_rank_obj%22%3A%22%7B%5C%22target_id%5C%22%3A25390433030612285%2C%5C%22target_type%5C%22%3A0%2C%5C%22primary_position%5C%22%3A20%2C%5C%22ranking_signature%5C%22%3A5467655871843466264%2C%5C%22ranking_request_id%5C%22%3A5693097433627713237%2C%5C%22commerce_channel%5C%22%3A504%2C%5C%22value%5C%22%3A0.00010044642330311%2C%5C%22candidate_retrieval_source_map%5C%22%3A%7B%5C%2225390433030612285%5C%22%3A111%7D%7D%22%7D&__tn__=!%3AD","https://scontent.fsyd14-1.fna.fbcdn.net/v/t39.30808-6/588933669_10161317799087924_3953936827721147888_n.jpg?stp=c256.0.1536.1536a_dst-jpg_s261x260_tt6&_nc_cat=104&_nc_cb=99be929b-f3b7c874&ccb=1-7&_nc_sid=454cf4&_nc_ohc=uOv_tNuDyJsQ7kNvwFksp22&_nc_oc=Adleg7LX9lLYZjkjR9sPQlny5ZO54cfztu9fcqhnmdL8nbdb8A1PUft9KaN0b3qOprg&_nc_zt=23&_nc_ht=scontent.fsyd14-1.fna&_nc_gid=y4MeiWMOwmj9By5uAPHO0A&oh=00_Afk9x8VFsh14U0gKZ3O1qBhWZDPpzV-dFrLKAc2cHlM5rA&oe=69355947","AU$16,588","2019 Honda jazz","Sydney, NSW","63K km"
"https://www.facebook.com/marketplace/item/1629297281626414/?ref=category_feed&referral_code=undefined&referral_story_type=listing&tracking=%7B%22qid%22%3A%22-7856604451648461588%22%2C%22mf_story_key%22%3A%2225308977532070670%22%2C%22commerce_rank_obj%22%3A%22%7B%5C%22target_id%5C%22%3A25308977532070670%2C%5C%22target_type%5C%22%3A0%2C%5C%22primary_position%5C%22%3A22%2C%5C%22ranking_signature%5C%22%3A5467655871843466264%2C%5C%22ranking_request_id%5C%22%3A5693097433627713237%2C%5C%22commerce_channel%5C%22%3A504%2C%5C%22value%5C%22%3A0.00012064884206642%2C%5C%22candidate_retrieval_source_map%5C%22%3A%7B%5C%2225308977532070670%5C%22%3A111%7D%7D%22%7D&__tn__=!%3AD","https://scontent.fsyd14-1.fna.fbcdn.net/v/t39.30808-6/588739391_832994366177359_2469964431309988139_n.jpg?stp=c0.169.1536.1536a_dst-jpg_s261x260_tt6&_nc_cat=104&_nc_cb=99be929b-f3b7c874&ccb=1-7&_nc_sid=454cf4&_nc_ohc=VDlhRf3QyvYQ7kNvwFBzWO6&_nc_oc=AdlXIRFLVB598ZJpYFrlAzYSbu8Z_mZemj2x5GiQry-3Q73RB59MePYD0EpvkK-tAVw&_nc_zt=23&_nc_ht=scontent.fsyd14-1.fna&_nc_gid=y4MeiWMOwmj9By5uAPHO0A&oh=00_Afkfozha2FnzI-g-cDpVN_9i7eLdjQwCb9AxqaHANWRZwg&oe=69354FA5","AU$3,900","2003 Honda jazz","Leppington, NSW","267K km"
"https://www.facebook.com/marketplace/item/841502801860990/?ref=category_feed&referral_code=undefined&referral_story_type=listing&tracking=%7B%22qid%22%3A%22-7856604451648461588%22%2C%22mf_story_key%22%3A%2225147878254821808%22%2C%22commerce_rank_obj%22%3A%22%7B%5C%22target_id%5C%22%3A25147878254821808%2C%5C%22target_type%5C%22%3A0%2C%5C%22primary_position%5C%22%3A23%2C%5C%22ranking_signature%5C%22%3A5467655871843466264%2C%5C%22ranking_request_id%5C%22%3A5693097433627713237%2C%5C%22commerce_channel%5C%22%3A504%2C%5C%22value%5C%22%3A7.9463228284674e-5%2C%5C%22candidate_retrieval_source_map%5C%22%3A%7B%5C%2225147878254821808%5C%22%3A111%7D%7D%22%7D&__tn__=!%3AD","https://scontent.fsyd14-1.fna.fbcdn.net/v/t39.30808-6/592193437_3875458099254400_2007623076541758922_n.jpg?stp=c30.0.180.180a_dst-jpg_s180x180_tt6&_nc_cat=102&_nc_cb=99be929b-f3b7c874&ccb=1-7&_nc_sid=454cf4&_nc_ohc=Fsmv2VAaNjQQ7kNvwH4S_lT&_nc_oc=AdlV43hXxo9SSPrHmD0IujYxiGzWyV1Bguvsm52e3lekhNNdPQcHHQgwARbWG-S5Nd0&_nc_zt=23&_nc_ht=scontent.fsyd14-1.fna&_nc_gid=y4MeiWMOwmj9By5uAPHO0A&oh=00_AfmM_JjHhJFeqkwTY4vtYz7R1_J58lowgQ0SEvBJ0vN-7w&oe=69354B90","AU$8,500","2005 Honda accord","Sydney, NSW","145K km"
"https://www.facebook.com/marketplace/item/1066962348813349/?ref=category_feed&referral_code=undefined&referral_story_type=listing&tracking=%7B%22qid%22%3A%22-7856603970513258405%22%2C%22mf_story_key%22%3A%2232531628169817312%22%2C%22commerce_rank_obj%22%3A%22%7B%5C%22target_id%5C%22%3A32531628169817312%2C%5C%22target_type%5C%22%3A0%2C%5C%22primary_position%5C%22%3A16%2C%5C%22ranking_signature%5C%22%3A2071941970411360661%2C%5C%22ranking_request_id%5C%22%3A6141639243563776316%2C%5C%22commerce_channel%5C%22%3A504%2C%5C%22value%5C%22%3A8.5926811152603e-5%2C%5C%22candidate_retrieval_source_map%5C%22%3A%7B%5C%2232531628169817312%5C%22%3A111%7D%7D%22%7D&__tn__=!%3AD","https://scontent.fsyd14-1.fna.fbcdn.net/v/t39.30808-6/588186230_25351916187762036_6990223336390002436_n.jpg?stp=c0.169.1537.1537a_dst-jpg_s261x260_tt6&_nc_cat=101&_nc_cb=99be929b-f3b7c874&ccb=1-7&_nc_sid=454cf4&_nc_ohc=nV-k39FsMgEQ7kNvwG28ktw&_nc_oc=Adl6BeJvQFoxBynH9EUnNVwYRTMQE2C9CpOsorw8slkDQluwgjwLYA_e1QDWVCx107s&_nc_zt=23&_nc_ht=scontent.fsyd14-1.fna&_nc_gid=oYEqbVpM8qaHSN6XGP52mQ&oh=00_AflHVf_mkBF8NpsVZKx7lGqvcgXGPMLI8Z-Jc0q-YB3WHg&oe=693534B0","AU$5,500","2007 Honda civic","Sydney, NSW","220K km"
"https://www.facebook.com/marketplace/item/1404732631237615/?ref=category_feed&referral_code=undefined&referral_story_type=listing&tracking=%7B%22qid%22%3A%22-7856604451648461588%22%2C%22mf_story_key%22%3A%2225509073535370950%22%2C%22commerce_rank_obj%22%3A%22%7B%5C%22target_id%5C%22%3A25509073535370950%2C%5C%22target_type%5C%22%3A0%2C%5C%22primary_position%5C%22%3A25%2C%5C%22ranking_signature%5C%22%3A5467655871843466264%2C%5C%22ranking_request_id%5C%22%3A5693097433627713237%2C%5C%22commerce_channel%5C%22%3A504%2C%5C%22value%5C%22%3A7.6203716503438e-5%2C%5C%22candidate_retrieval_source_map%5C%22%3A%7B%5C%2225509073535370950%5C%22%3A111%7D%7D%22%7D&__tn__=!%3AD","https://scontent.fsyd14-1.fna.fbcdn.net/v/t39.30808-6/588458096_2816041381899602_7008125721168782823_n.jpg?stp=c201.0.1199.1199a_dst-jpg_s261x260_tt6&_nc_cat=101&_nc_cb=99be929b-f3b7c874&ccb=1-7&_nc_sid=454cf4&_nc_ohc=dhmhZzNUiI0Q7kNvwHY03oq&_nc_oc=AdnCsJcy6lAawBuIFMHaMiyvP0W9hjW-sROrZzZN1-nNBVeXX296rxr6iWbZiqO4FXI&_nc_zt=23&_nc_ht=scontent.fsyd14-1.fna&_nc_gid=y4MeiWMOwmj9By5uAPHO0A&oh=00_AfkyTCRAuktUlxtySKvLUy5NfA7LSKwhpYP6gWDu-_Ybag&oe=693568E7","AU$5,800","2004 Honda accord","Sydney, NSW","260K km"
"https://www.facebook.com/marketplace/item/1367587571427253/?ref=category_feed&referral_code=undefined&referral_story_type=listing&tracking=%7B%22qid%22%3A%22-7856604451648461588%22%2C%22mf_story_key%22%3A%2224898968159802545%22%2C%22commerce_rank_obj%22%3A%22%7B%5C%22target_id%5C%22%3A24898968159802545%2C%5C%22target_type%5C%22%3A0%2C%5C%22primary_position%5C%22%3A26%2C%5C%22ranking_signature%5C%22%3A5467655871843466264%2C%5C%22ranking_request_id%5C%22%3A5693097433627713237%2C%5C%22commerce_channel%5C%22%3A504%2C%5C%22value%5C%22%3A0.00014023199037183%2C%5C%22candidate_retrieval_source_map%5C%22%3A%7B%5C%2224898968159802545%5C%22%3A111%7D%7D%22%7D&__tn__=!%3AD","https://scontent.fsyd14-1.fna.fbcdn.net/v/t39.30808-6/589286415_10239749693975952_7459666533566574964_n.jpg?stp=c256.0.1536.1536a_dst-jpg_s261x260_tt6&_nc_cat=101&_nc_cb=99be929b-f3b7c874&ccb=1-7&_nc_sid=454cf4&_nc_ohc=ZLpX-utUy8cQ7kNvwHXRFMV&_nc_oc=AdlX8m0I22Ggigi87dqKbd8DW1-me0lpteoJCwsoA2cqAElwUyDQOCu0XiRDNCBSxOU&_nc_zt=23&_nc_ht=scontent.fsyd14-1.fna&_nc_gid=y4MeiWMOwmj9By5uAPHO0A&oh=00_Afnbe88VHDqzCySvAsu557EpDMWAQb_KtkNw7-GXZFEqfw&oe=6935429B","AU$7,300","2012 Honda accord","Sydney, NSW","215K km"
"https://www.facebook.com/marketplace/item/681925311464226/?ref=category_feed&referral_code=undefined&referral_story_type=listing&tracking=%7B%22qid%22%3A%22-7856604176616720688%22%2C%22mf_story_key%22%3A%2224763946209951009%22%2C%22commerce_rank_obj%22%3A%22%7B%5C%22target_id%5C%22%3A24763946209951009%2C%5C%22target_type%5C%22%3A0%2C%5C%22primary_position%5C%22%3A28%2C%5C%22ranking_signature%5C%22%3A5467655871843466264%2C%5C%22ranking_request_id%5C%22%3A5693097433627713237%2C%5C%22commerce_channel%5C%22%3A504%2C%5C%22value%5C%22%3A0.00011439026876341%2C%5C%22candidate_retrieval_source_map%5C%22%3A%7B%5C%2224763946209951009%5C%22%3A111%7D%7D%22%7D&__tn__=!%3AD","https://scontent.fsyd14-1.fna.fbcdn.net/v/t39.30808-6/591707549_1209425347704678_7457978007100792385_n.jpg?stp=c0.169.1537.1537a_dst-jpg_s261x260_tt6&_nc_cat=104&_nc_cb=99be929b-f3b7c874&ccb=1-7&_nc_sid=454cf4&_nc_ohc=YIx5nuN6-kkQ7kNvwGAfUzl&_nc_oc=AdkQSPZS2IDpKEUuFZ6TyTC5k4h_Ewb_bArmQLHqshiO8H8FZgQpCPMNtJrt6eF9GcI&_nc_zt=23&_nc_ht=scontent.fsyd14-1.fna&_nc_gid=yLI-X75_Y4FlMpiQNWwvyA&oh=00_AfmKiT1P0mWZoHiIRJz2Wb0_-BscPIuXZPPFVxbh-YwCqQ&oe=69355B9E","AU$4,800","2004 Honda jazz","Sydney, NSW","216K km"
"https://www.facebook.com/marketplace/item/1368179771433417/?ref=category_feed&referral_code=undefined&referral_story_type=listing&tracking=%7B%22qid%22%3A%22-7856604176616720688%22%2C%22mf_story_key%22%3A%2225805105545742077%22%2C%22commerce_rank_obj%22%3A%22%7B%5C%22target_id%5C%22%3A25805105545742077%2C%5C%22target_type%5C%22%3A0%2C%5C%22primary_position%5C%22%3A29%2C%5C%22ranking_signature%5C%22%3A5467655871843466264%2C%5C%22ranking_request_id%5C%22%3A5693097433627713237%2C%5C%22commerce_channel%5C%22%3A504%2C%5C%22value%5C%22%3A7.2137649991606e-5%2C%5C%22candidate_retrieval_source_map%5C%22%3A%7B%5C%2225805105545742077%5C%22%3A111%7D%7D%22%7D&__tn__=!%3AD","https://scontent.fsyd14-1.fna.fbcdn.net/v/t39.30808-6/590925222_10162541991217799_5002493449868990425_n.jpg?stp=c256.0.1536.1536a_dst-jpg_s261x260_tt6&_nc_cat=111&_nc_cb=99be929b-f3b7c874&ccb=1-7&_nc_sid=454cf4&_nc_ohc=AH7x2oCdx4EQ7kNvwHrpUgL&_nc_oc=Adn3d9UkE_zrgpCnCmv-u7J2v6nlaMlwE-9zDY-KbJkKBDdSBMnv89XeWaBA8Yop_c0&_nc_zt=23&_nc_ht=scontent.fsyd14-1.fna&_nc_gid=yLI-X75_Y4FlMpiQNWwvyA&oh=00_AfnkDrGb4bTRT4fo_a1_rTBSZRUUWlcPPXa4U8KaZZetAw&oe=69354724","AU$5,990","2005 Honda odyssey","Denham Court, NSW","201K km"
"https://www.facebook.com/marketplace/item/2003207680461765/?ref=category_feed&referral_code=undefined&referral_story_type=listing&tracking=%7B%22qid%22%3A%22-7856604176616720688%22%2C%22mf_story_key%22%3A%2225550473501214818%22%2C%22commerce_rank_obj%22%3A%22%7B%5C%22target_id%5C%22%3A25550473501214818%2C%5C%22target_type%5C%22%3A0%2C%5C%22primary_position%5C%22%3A30%2C%5C%22ranking_signature%5C%22%3A5467655871843466264%2C%5C%22ranking_request_id%5C%22%3A5693097433627713237%2C%5C%22commerce_channel%5C%22%3A504%2C%5C%22value%5C%22%3A6.0318951107716e-5%2C%5C%22candidate_retrieval_source_map%5C%22%3A%7B%5C%2225550473501214818%5C%22%3A111%7D%7D%22%7D&__tn__=!%3AD","https://scontent.fsyd14-1.fna.fbcdn.net/v/t39.30808-6/590599109_122203245098052608_6295194335608127853_n.jpg?stp=c256.0.1537.1537a_dst-jpg_s261x260_tt6&_nc_cat=106&_nc_cb=99be929b-f3b7c874&ccb=1-7&_nc_sid=454cf4&_nc_ohc=fipeE5Q9N1wQ7kNvwEw2JZO&_nc_oc=AdmMNEkfOK_E2dCMGwbtypTgJhHuFwYZ5i1TFSZ_Q-OPPXrzAulgfyHCdD4sv0NQZRI&_nc_zt=23&_nc_ht=scontent.fsyd14-1.fna&_nc_gid=yLI-X75_Y4FlMpiQNWwvyA&oh=00_AfnrS3iZMpMvlTak3kwOIdyFGL9IBYaKUJbnTpVLqDfuFw&oe=6935663C","AU$18,800","2018 Honda jazz","Sydney, NSW","15K km"
"https://www.facebook.com/marketplace/item/828094146643572/?ref=category_feed&referral_code=undefined&referral_story_type=listing&tracking=%7B%22qid%22%3A%22-7856604176616720688%22%2C%22mf_story_key%22%3A%2225329958433303684%22%2C%22commerce_rank_obj%22%3A%22%7B%5C%22target_id%5C%22%3A25329958433303684%2C%5C%22target_type%5C%22%3A0%2C%5C%22primary_position%5C%22%3A32%2C%5C%22ranking_signature%5C%22%3A5467655871843466264%2C%5C%22ranking_request_id%5C%22%3A5693097433627713237%2C%5C%22commerce_channel%5C%22%3A504%2C%5C%22value%5C%22%3A5.1373199278181e-5%2C%5C%22candidate_retrieval_source_map%5C%22%3A%7B%5C%2225329958433303684%5C%22%3A111%7D%7D%22%7D&__tn__=!%3AD","https://scontent.fsyd14-1.fna.fbcdn.net/v/t39.30808-6/588657929_879448134635663_2952459024773864612_n.jpg?stp=c256.0.1537.1537a_dst-jpg_s261x260_tt6&_nc_cat=109&_nc_cb=99be929b-f3b7c874&ccb=1-7&_nc_sid=454cf4&_nc_ohc=1FDyMRF2lXgQ7kNvwGUuLRu&_nc_oc=Adn-FXI9_ocP94a5g9jsNyo_a8b0HqD22u_b1sk502k3koqj9LrfLJMOp7TlyY9HxtU&_nc_zt=23&_nc_ht=scontent.fsyd14-1.fna&_nc_gid=yLI-X75_Y4FlMpiQNWwvyA&oh=00_Afn-l2mKxEw8BbWLmIIxTEUwtFinAaPBkqSQ7KDZPZEXEA&oe=69353354","AU$3,500","2009 Honda accord","Sydney, NSW","282K km"
"https://www.facebook.com/marketplace/item/821763867391457/?ref=category_feed&referral_code=undefined&referral_story_type=listing&tracking=%7B%22qid%22%3A%22-7856604176616720688%22%2C%22mf_story_key%22%3A%2225733660659560601%22%2C%22commerce_rank_obj%22%3A%22%7B%5C%22target_id%5C%22%3A25733660659560601%2C%5C%22target_type%5C%22%3A0%2C%5C%22primary_position%5C%22%3A33%2C%5C%22ranking_signature%5C%22%3A5467655871843466264%2C%5C%22ranking_request_id%5C%22%3A5693097433627713237%2C%5C%22commerce_channel%5C%22%3A504%2C%5C%22value%5C%22%3A1.1950831592437e-5%2C%5C%22candidate_retrieval_source_map%5C%22%3A%7B%5C%2225733660659560601%5C%22%3A111%7D%7D%22%7D&__tn__=!%3AD","https://scontent.fsyd14-1.fna.fbcdn.net/v/t39.84726-6/588772805_1508537667094752_2812883737563286136_n.jpg?stp=c43.0.260.260a_dst-jpg_p261x260_tt6&_nc_cat=105&ccb=1-7&_nc_sid=92e707&_nc_ohc=5tDkoh2widIQ7kNvwEC5YIY&_nc_oc=AdkVwkhUl7Xzv9Kr-Dbeka43-3m0VG1lMdeZ8oppPtgK2s-DD6IRe7YJ3j8VDJRfirQ&_nc_zt=14&_nc_ht=scontent.fsyd14-1.fna&_nc_gid=yLI-X75_Y4FlMpiQNWwvyA&oh=00_Afmqs2jCpaD0d7oQdZicqvB4YnbJDKWo-kLcUwEqeFICZg&oe=6935543E","AU$2,400","2015 Honda nbc110","Sydney, NSW","60K km"
"https://www.facebook.com/marketplace/item/1394064412730093/?ref=category_feed&referral_code=undefined&referral_story_type=listing&tracking=%7B%22qid%22%3A%22-7856604176616720688%22%2C%22mf_story_key%22%3A%2225456287013983160%22%2C%22commerce_rank_obj%22%3A%22%7B%5C%22target_id%5C%22%3A25456287013983160%2C%5C%22target_type%5C%22%3A0%2C%5C%22primary_position%5C%22%3A34%2C%5C%22ranking_signature%5C%22%3A5467655871843466264%2C%5C%22ranking_request_id%5C%22%3A5693097433627713237%2C%5C%22commerce_channel%5C%22%3A504%2C%5C%22value%5C%22%3A2.8529077344064e-5%2C%5C%22candidate_retrieval_source_map%5C%22%3A%7B%5C%2225456287013983160%5C%22%3A111%7D%7D%22%7D&__tn__=!%3AD","https://scontent.fsyd14-1.fna.fbcdn.net/v/t39.30808-6/589376967_2658879744467868_4926063420435549898_n.jpg?stp=c256.0.1536.1536a_dst-jpg_s261x260_tt6&_nc_cat=106&_nc_cb=99be929b-f3b7c874&ccb=1-7&_nc_sid=454cf4&_nc_ohc=sfDbhfj2IEkQ7kNvwHgGHnz&_nc_oc=Adl3Q-_pg-sRWZf6o_7_IyVY9jZqcdoQB1pKimfU6yrkAaN8aadZB0ydqhGQ6sHAbtc&_nc_zt=23&_nc_ht=scontent.fsyd14-1.fna&_nc_gid=yLI-X75_Y4FlMpiQNWwvyA&oh=00_AfkIwdEbtu7QjyuzKgjuf1X-r6-lY61OeVHvPfG7pPjYMQ&oe=693566A0","AU$555","2012 Honda cr-v","Sydney, NSW","888 km"
"https://www.facebook.com/marketplace/item/1143646034598483/?ref=category_feed&referral_code=undefined&referral_story_type=listing&tracking=%7B%22qid%22%3A%22-7856604176616720688%22%2C%22mf_story_key%22%3A%2225462632133368363%22%2C%22commerce_rank_obj%22%3A%22%7B%5C%22target_id%5C%22%3A25462632133368363%2C%5C%22target_type%5C%22%3A0%2C%5C%22primary_position%5C%22%3A35%2C%5C%22ranking_signature%5C%22%3A5467655871843466264%2C%5C%22ranking_request_id%5C%22%3A5693097433627713237%2C%5C%22commerce_channel%5C%22%3A504%2C%5C%22value%5C%22%3A5.4681045856861e-5%2C%5C%22candidate_retrieval_source_map%5C%22%3A%7B%5C%2225462632133368363%5C%22%3A111%7D%7D%22%7D&__tn__=!%3AD","https://scontent.fsyd14-1.fna.fbcdn.net/v/t39.30808-6/590980889_10238680887857938_6341020422175728039_n.jpg?stp=c0.106.1440.1440a_dst-jpg_s261x260_tt6&_nc_cat=110&_nc_cb=99be929b-f3b7c874&ccb=1-7&_nc_sid=454cf4&_nc_ohc=d7M5EOd7E4YQ7kNvwF6F4uv&_nc_oc=AdlcrcD8Rox8fRBaSJJMsd0F4VYDwnyvbMANy7vbrqZDPJF1beVnqnWjpiptLrBQQIU&_nc_zt=23&_nc_ht=scontent.fsyd14-1.fna&_nc_gid=yLI-X75_Y4FlMpiQNWwvyA&oh=00_Afnbs3YRVvdZPSCQyj4HPBWMufxhgych4lexf753rlqbKg&oe=6935642A","AU$4,000","2009 Honda accord","Sydney, NSW","231K km"
"https://www.facebook.com/marketplace/item/1371503601039348/?ref=category_feed&referral_code=undefined&referral_story_type=listing&tracking=%7B%22qid%22%3A%22-7856603970513258405%22%2C%22mf_story_key%22%3A%2232587605970882818%22%2C%22commerce_rank_obj%22%3A%22%7B%5C%22target_id%5C%22%3A32587605970882818%2C%5C%22target_type%5C%22%3A0%2C%5C%22primary_position%5C%22%3A28%2C%5C%22ranking_signature%5C%22%3A2071941970411360661%2C%5C%22ranking_request_id%5C%22%3A6141639243563776316%2C%5C%22commerce_channel%5C%22%3A504%2C%5C%22value%5C%22%3A6.3718706629467e-5%2C%5C%22candidate_retrieval_source_map%5C%22%3A%7B%5C%2232587605970882818%5C%22%3A111%7D%7D%22%7D&__tn__=!%3AD","https://scontent.fsyd14-1.fna.fbcdn.net/v/t39.30808-6/588568798_2933519066839626_1117759129159375468_n.jpg?stp=c0.169.1537.1537a_dst-jpg_s261x260_tt6&_nc_cat=110&_nc_cb=99be929b-f3b7c874&ccb=1-7&_nc_sid=454cf4&_nc_ohc=fzPhHyT5jZ4Q7kNvwGcdhOL&_nc_oc=Adku4qMn1pPeHlkXuPjMlZ7HRMfV1JDFqs1QucoWFfyA38f6JCr3FE58PDShjjKsY4I&_nc_zt=23&_nc_ht=scontent.fsyd14-1.fna&_nc_gid=oYEqbVpM8qaHSN6XGP52mQ&oh=00_AfkTXELNiMdmGXUmERd5PKOqYyrN9DhOoix9eg0dC0eP8A&oe=69356447","AU$6,500","2008 Honda civic","Sydney, NSW","272K km"
"https://www.facebook.com/marketplace/item/1589142529187845/?ref=category_feed&referral_code=undefined&referral_story_type=listing&tracking=%7B%22qid%22%3A%22-7856604176616720688%22%2C%22mf_story_key%22%3A%2225908322225453076%22%2C%22commerce_rank_obj%22%3A%22%7B%5C%22target_id%5C%22%3A25908322225453076%2C%5C%22target_type%5C%22%3A0%2C%5C%22primary_position%5C%22%3A39%2C%5C%22ranking_signature%5C%22%3A5467655871843466264%2C%5C%22ranking_request_id%5C%22%3A5693097433627713237%2C%5C%22commerce_channel%5C%22%3A504%2C%5C%22value%5C%22%3A5.148786434857e-5%2C%5C%22candidate_retrieval_source_map%5C%22%3A%7B%5C%2225908322225453076%5C%22%3A111%7D%7D%22%7D&__tn__=!%3AD","https://scontent.fsyd14-1.fna.fbcdn.net/v/t39.30808-6/588478065_2355055941618530_487031525227787925_n.jpg?stp=c0.132.1200.1200a_dst-jpg_s261x260_tt6&_nc_cat=103&_nc_cb=99be929b-f3b7c874&ccb=1-7&_nc_sid=454cf4&_nc_ohc=qFjK_Me2Qu0Q7kNvwFQXIvY&_nc_oc=AdmpJsGYCxvJjQM96v8KG5sNDOmqfFUY0hWhGYakq11Tl4Gtiv0Qrufto-vAYgpxZLM&_nc_zt=23&_nc_ht=scontent.fsyd14-1.fna&_nc_gid=yLI-X75_Y4FlMpiQNWwvyA&oh=00_Afl7f1aVxTymAZdo_n-7vqHaa63yQqIa9OJi_ddinyfaig&oe=69355B78","AU$4,800","2007 Honda jazz","Sydney, NSW","174K km"
"https://www.facebook.com/marketplace/item/836004722479782/?ref=category_feed&referral_code=undefined&referral_story_type=listing&tracking=%7B%22qid%22%3A%22-7856604176616720688%22%2C%22mf_story_key%22%3A%2226258996913700776%22%2C%22commerce_rank_obj%22%3A%22%7B%5C%22target_id%5C%22%3A26258996913700776%2C%5C%22target_type%5C%22%3A0%2C%5C%22primary_position%5C%22%3A40%2C%5C%22ranking_signature%5C%22%3A5467655871843466264%2C%5C%22ranking_request_id%5C%22%3A5693097433627713237%2C%5C%22commerce_channel%5C%22%3A504%2C%5C%22value%5C%22%3A3.514967170095e-5%2C%5C%22candidate_retrieval_source_map%5C%22%3A%7B%5C%2226258996913700776%5C%22%3A111%7D%7D%22%7D&__tn__=!%3AD","https://scontent.fsyd14-1.fna.fbcdn.net/v/t39.30808-6/588822159_25095587653431822_3945542025033758502_n.jpg?stp=c0.38.350.350a_dst-jpg_s261x260_tt6&_nc_cat=106&_nc_cb=99be929b-f3b7c874&ccb=1-7&_nc_sid=454cf4&_nc_ohc=fCzOH7qFWEIQ7kNvwGJyvSk&_nc_oc=AdmR0Y03n6f47Uo70w_uochsmoRj4oUPV_fc1ocaA0Pb3qNQHkHs6P5z9-fd70FB-4o&_nc_zt=23&_nc_ht=scontent.fsyd14-1.fna&_nc_gid=yLI-X75_Y4FlMpiQNWwvyA&oh=00_AfnxzZ8kO3EYbAAaqcP79IojBy-vvojU46lZ_OCua9hSkA&oe=69353DD2","AU$6,500","2008 Honda accord","Sydney, NSW","184K km"
"https://www.facebook.com/marketplace/item/2567165173681201/?ref=category_feed&referral_code=undefined&referral_story_type=listing&tracking=%7B%22qid%22%3A%22-7856604107896224898%22%2C%22mf_story_key%22%3A%2232389404074036413%22%2C%22commerce_rank_obj%22%3A%22%7B%5C%22target_id%5C%22%3A32389404074036413%2C%5C%22target_type%5C%22%3A0%2C%5C%22primary_position%5C%22%3A41%2C%5C%22ranking_signature%5C%22%3A5467655871843466264%2C%5C%22ranking_request_id%5C%22%3A5693097433627713237%2C%5C%22commerce_channel%5C%22%3A504%2C%5C%22value%5C%22%3A1.1747792881108e-5%2C%5C%22candidate_retrieval_source_map%5C%22%3A%7B%5C%2232389404074036413%5C%22%3A111%7D%7D%22%7D&__tn__=!%3AD","https://scontent.fsyd14-1.fna.fbcdn.net/v/t39.84726-6/588641186_4205948016287544_3398991970948329473_n.jpg?stp=c43.0.260.260a_dst-jpg_p261x260_tt6&_nc_cat=110&ccb=1-7&_nc_sid=92e707&_nc_ohc=ejwRPtJKpuAQ7kNvwFjTWAj&_nc_oc=Adnh1QXr0TnfGLPeHSvD_cRm4bHfQ8qCAlape0wcirHCdMBjpXln78rKcB0nYV0hFUE&_nc_zt=14&_nc_ht=scontent.fsyd14-1.fna&_nc_gid=g-MhqIncLVnS1LAT_aaf_g&oh=00_AflQ9RLrNHTqb2q9YH7yDEfwee5pkbOUO2FcutYsk_hTjQ&oe=69355229","AU$5,500","2004 Honda shadow","Sydney, NSW","111K km"
"https://www.facebook.com/marketplace/item/2473610739720094/?ref=category_feed&referral_code=undefined&referral_story_type=listing&tracking=%7B%22qid%22%3A%22-7856604107896224898%22%2C%22mf_story_key%22%3A%2225303921609238940%22%2C%22commerce_rank_obj%22%3A%22%7B%5C%22target_id%5C%22%3A25303921609238940%2C%5C%22target_type%5C%22%3A0%2C%5C%22primary_position%5C%22%3A42%2C%5C%22ranking_signature%5C%22%3A5467655871843466264%2C%5C%22ranking_request_id%5C%22%3A5693097433627713237%2C%5C%22commerce_channel%5C%22%3A504%2C%5C%22value%5C%22%3A2.8012157268965e-5%2C%5C%22candidate_retrieval_source_map%5C%22%3A%7B%5C%2225303921609238940%5C%22%3A111%7D%7D%22%7D&__tn__=!%3AD","https://scontent.fsyd14-1.fna.fbcdn.net/v/t39.30808-6/590625884_4358421224440866_3658244101471070733_n.jpg?stp=c256.0.1537.1537a_dst-jpg_s261x260_tt6&_nc_cat=100&_nc_cb=99be929b-f3b7c874&ccb=1-7&_nc_sid=454cf4&_nc_ohc=d0wydJA8SvAQ7kNvwHV8VY4&_nc_oc=Admya_h_SopPlZ3q820RkCAe0_2l4noipG1s6bUZv6pYZJ6_vP5dMYSJEGvE4758Wt4&_nc_zt=23&_nc_ht=scontent.fsyd14-1.fna&_nc_gid=g-MhqIncLVnS1LAT_aaf_g&oh=00_Afm6b5dZArhdNLmCtcQ3oDGKCQneks7MzH9RMUk7-GMN6g&oe=693547BF","AU$13,600","2015 Honda hr-v","Sydney, NSW","213K km"
"https://www.facebook.com/marketplace/item/1407870870677379/?ref=category_feed&referral_code=undefined&referral_story_type=listing&tracking=%7B%22qid%22%3A%22-7856604107896224898%22%2C%22mf_story_key%22%3A%2225067878562875772%22%2C%22commerce_rank_obj%22%3A%22%7B%5C%22target_id%5C%22%3A25067878562875772%2C%5C%22target_type%5C%22%3A0%2C%5C%22primary_position%5C%22%3A43%2C%5C%22ranking_signature%5C%22%3A5467655871843466264%2C%5C%22ranking_request_id%5C%22%3A5693097433627713237%2C%5C%22commerce_channel%5C%22%3A504%2C%5C%22value%5C%22%3A0.00020932132114242%2C%5C%22candidate_retrieval_source_map%5C%22%3A%7B%5C%2225067878562875772%5C%22%3A111%7D%7D%22%7D&__tn__=!%3AD","https://scontent.fsyd14-1.fna.fbcdn.net/v/t39.30808-6/586996529_122188415246549267_7700301244984061173_n.jpg?stp=c256.0.1536.1536a_dst-jpg_s261x260_tt6&_nc_cat=103&_nc_cb=99be929b-f3b7c874&ccb=1-7&_nc_sid=454cf4&_nc_ohc=9MIilCKEQIEQ7kNvwGzgCPw&_nc_oc=Adk5idbwyq5M2pPQIaMcJgeSnGEZlFg68s1hxKOV9wHzEjBAI7wBqYwtszL7mVcGMEY&_nc_zt=23&_nc_ht=scontent.fsyd14-1.fna&_nc_gid=g-MhqIncLVnS1LAT_aaf_g&oh=00_AfmHAlE3mDvNP-Vr0w4JX9vS7yUDR5G1QWHk_8GgxJJCpQ&oe=6935566D","AU$17,500","2018 Honda civic rs","Sydney, NSW","187K km"
"https://www.facebook.com/marketplace/item/732563302571228/?ref=category_feed&referral_code=undefined&referral_story_type=listing&tracking=%7B%22qid%22%3A%22-7856604107896224898%22%2C%22mf_story_key%22%3A%2225228649550134090%22%2C%22commerce_rank_obj%22%3A%22%7B%5C%22target_id%5C%22%3A25228649550134090%2C%5C%22target_type%5C%22%3A0%2C%5C%22primary_position%5C%22%3A45%2C%5C%22ranking_signature%5C%22%3A5467655871843466264%2C%5C%22ranking_request_id%5C%22%3A5693097433627713237%2C%5C%22commerce_channel%5C%22%3A504%2C%5C%22value%5C%22%3A5.8190792049457e-5%2C%5C%22candidate_retrieval_source_map%5C%22%3A%7B%5C%2225228649550134090%5C%22%3A111%7D%7D%22%7D&__tn__=!%3AD","https://scontent.fsyd14-1.fna.fbcdn.net/v/t39.30808-6/588645751_10241878383434913_8039196832973622439_n.jpg?stp=c256.0.1537.1537a_dst-jpg_s261x260_tt6&_nc_cat=111&_nc_cb=99be929b-f3b7c874&ccb=1-7&_nc_sid=454cf4&_nc_ohc=eN99fIVIHRoQ7kNvwE3Q3nh&_nc_oc=AdmfJd4KKDX8iUKBI6Akhf7DixTFVA2amt83LcHetCJlw7vLivW_7oMbB2YMtDJGBtk&_nc_zt=23&_nc_ht=scontent.fsyd14-1.fna&_nc_gid=g-MhqIncLVnS1LAT_aaf_g&oh=00_AfltGKF1SqZMLvofR0F3BQbNDCy1yMh_FNoyD9MBDzWt7w&oe=69355977","AU$22,990","2018 Honda cr-v","Sydney, NSW","93K km"
"https://www.facebook.com/marketplace/item/1347105840252203/?ref=category_feed&referral_code=undefined&referral_story_type=listing&tracking=%7B%22qid%22%3A%22-7856603283336826890%22%2C%22mf_story_key%22%3A%2225098344606493606%22%2C%22commerce_rank_obj%22%3A%22%7B%5C%22target_id%5C%22%3A25098344606493606%2C%5C%22target_type%5C%22%3A0%2C%5C%22primary_position%5C%22%3A36%2C%5C%22ranking_signature%5C%22%3A2071941970411360661%2C%5C%22ranking_request_id%5C%22%3A6141639243563776316%2C%5C%22commerce_channel%5C%22%3A504%2C%5C%22value%5C%22%3A5.5280088967528e-5%2C%5C%22candidate_retrieval_source_map%5C%22%3A%7B%5C%2225098344606493606%5C%22%3A111%7D%7D%22%7D&__tn__=!%3AD","https://scontent.fsyd14-1.fna.fbcdn.net/v/t39.30808-6/588707362_1636876347273979_6974878014123222593_n.jpg?stp=c0.169.1536.1536a_dst-jpg_s261x260_tt6&_nc_cat=105&_nc_cb=99be929b-f3b7c874&ccb=1-7&_nc_sid=454cf4&_nc_ohc=8T3sIFcYYL8Q7kNvwFq_ZRM&_nc_oc=AdnCfIViOpfg9MEHvfE-l6oj0yzU4Vlbc4YSWOaLTMCh7LVIWzLCULWBbcnAYJBpYI8&_nc_zt=23&_nc_ht=scontent.fsyd14-1.fna&_nc_gid=nkpgQfbpo3DHIZgmY19NOw&oh=00_AfluIIU1htT7ykxTM5z8zLlT2JmMRjvZS2ZzfAy-q1INWg&oe=69355E2B","AU$8,500","2013 Honda civic","Sydney, NSW","251K km"
"https://www.facebook.com/marketplace/item/872415461984369/?ref=category_feed&referral_code=undefined&referral_story_type=listing&tracking=%7B%22qid%22%3A%22-7856604107896224898%22%2C%22mf_story_key%22%3A%2232735846482726481%22%2C%22commerce_rank_obj%22%3A%22%7B%5C%22target_id%5C%22%3A32735846482726481%2C%5C%22target_type%5C%22%3A0%2C%5C%22primary_position%5C%22%3A49%2C%5C%22ranking_signature%5C%22%3A5467655871843466264%2C%5C%22ranking_request_id%5C%22%3A5693097433627713237%2C%5C%22commerce_channel%5C%22%3A504%2C%5C%22value%5C%22%3A6.4620654822347e-5%2C%5C%22candidate_retrieval_source_map%5C%22%3A%7B%5C%2232735846482726481%5C%22%3A111%7D%7D%22%7D&__tn__=!%3AD","https://scontent.fsyd14-1.fna.fbcdn.net/v/t39.30808-6/589966563_25308028742169821_1391078279035324999_n.jpg?stp=c0.169.1536.1536a_dst-jpg_s261x260_tt6&_nc_cat=109&_nc_cb=99be929b-f3b7c874&ccb=1-7&_nc_sid=454cf4&_nc_ohc=AKQNiK7Utw4Q7kNvwGT9jsK&_nc_oc=AdmtOdGCnZDruhVtWHuEUt7pgQ7vt7AMuYpqkexA6lj-ZG0AdgRaG77rfztkZhUt-5k&_nc_zt=23&_nc_ht=scontent.fsyd14-1.fna&_nc_gid=g-MhqIncLVnS1LAT_aaf_g&oh=00_AfnnTfS_Z1SOv8WSY-cMQdBHo0n_t6bLWWWJ4pizyjVd3Q&oe=693564C2","AU$6,300","2008 Honda accord","Sydney, NSW","215K km"
"https://www.facebook.com/marketplace/item/1392508252284496/?ref=category_feed&referral_code=undefined&referral_story_type=listing&tracking=%7B%22qid%22%3A%22-7856604107896224898%22%2C%22mf_story_key%22%3A%2225335095642795129%22%2C%22commerce_rank_obj%22%3A%22%7B%5C%22target_id%5C%22%3A25335095642795129%2C%5C%22target_type%5C%22%3A0%2C%5C%22primary_position%5C%22%3A50%2C%5C%22ranking_signature%5C%22%3A5467655871843466264%2C%5C%22ranking_request_id%5C%22%3A5693097433627713237%2C%5C%22commerce_channel%5C%22%3A504%2C%5C%22value%5C%22%3A6.4916525685343e-5%2C%5C%22candidate_retrieval_source_map%5C%22%3A%7B%5C%2225335095642795129%5C%22%3A111%7D%7D%22%7D&__tn__=!%3AD","https://scontent.fsyd14-1.fna.fbcdn.net/v/t39.30808-6/588209918_4281836502097755_7775903915126995836_n.jpg?stp=c0.169.1537.1537a_dst-jpg_s261x260_tt6&_nc_cat=110&_nc_cb=99be929b-f3b7c874&ccb=1-7&_nc_sid=454cf4&_nc_ohc=6vzSsTP6x8IQ7kNvwHYwkqL&_nc_oc=AdmZmnau3902NTkEwtI3xdv6gdZaUayYz6SVcMcf9_cNRCPa_AHInmnT5cp6iIH8Mxs&_nc_zt=23&_nc_ht=scontent.fsyd14-1.fna&_nc_gid=g-MhqIncLVnS1LAT_aaf_g&oh=00_AfmGtNdQUDT_4QqdKtsCPHEg6l_Oy6gBnbvGyIZovhwD2Q&oe=693550EE","AU$6,999","2006 Honda civic hybrid","Sydney, NSW","200K km"
"https://www.facebook.com/marketplace/item/2062800497808845/?ref=category_feed&referral_code=undefined&referral_story_type=listing&tracking=%7B%22qid%22%3A%22-7856604107896224898%22%2C%22mf_story_key%22%3A%2225443586051999230%22%2C%22commerce_rank_obj%22%3A%22%7B%5C%22target_id%5C%22%3A25443586051999230%2C%5C%22target_type%5C%22%3A0%2C%5C%22primary_position%5C%22%3A51%2C%5C%22ranking_signature%5C%22%3A5467655871843466264%2C%5C%22ranking_request_id%5C%22%3A5693097433627713237%2C%5C%22commerce_channel%5C%22%3A504%2C%5C%22value%5C%22%3A6.1734304171577e-5%2C%5C%22candidate_retrieval_source_map%5C%22%3A%7B%5C%2225443586051999230%5C%22%3A111%7D%7D%22%7D&__tn__=!%3AD","https://scontent.fsyd14-1.fna.fbcdn.net/v/t39.30808-6/588016641_10163361451099509_1140106195402981118_n.jpg?stp=c200.0.1200.1200a_dst-jpg_s261x260_tt6&_nc_cat=102&_nc_cb=99be929b-f3b7c874&ccb=1-7&_nc_sid=454cf4&_nc_ohc=6i1sCGJJW2cQ7kNvwEVu9ZD&_nc_oc=AdkhO85I5O5GuZkesdK1CInWlAGpZk_R3aIzHJwHpX0AQiXzzRc8cSvIjHoh3gXuUPM&_nc_zt=23&_nc_ht=scontent.fsyd14-1.fna&_nc_gid=g-MhqIncLVnS1LAT_aaf_g&oh=00_AfmN_PEv6Pv_WhxCHutSGTql7P_2zwBJ1H-snNB6g2vrew&oe=69354AC8","AU$9,000","2008 Honda accord","Sydney, NSW","244K km"
"https://www.facebook.com/marketplace/item/1801346760498613/?ref=category_feed&referral_code=undefined&referral_story_type=listing&tracking=%7B%22qid%22%3A%22-7856604107896224898%22%2C%22mf_story_key%22%3A%2225744473135159821%22%2C%22commerce_rank_obj%22%3A%22%7B%5C%22target_id%5C%22%3A25744473135159821%2C%5C%22target_type%5C%22%3A0%2C%5C%22primary_position%5C%22%3A52%2C%5C%22ranking_signature%5C%22%3A5467655871843466264%2C%5C%22ranking_request_id%5C%22%3A5693097433627713237%2C%5C%22commerce_channel%5C%22%3A504%2C%5C%22value%5C%22%3A1.4877162152746e-5%2C%5C%22candidate_retrieval_source_map%5C%22%3A%7B%5C%2225744473135159821%5C%22%3A111%7D%7D%22%7D&__tn__=!%3AD","https://scontent.fsyd14-1.fna.fbcdn.net/v/t39.30808-6/593691417_25250656287887073_7767520986687902139_n.jpg?stp=c256.0.1537.1537a_dst-jpg_s261x260_tt6&_nc_cat=105&_nc_cb=99be929b-f3b7c874&ccb=1-7&_nc_sid=946e27&_nc_ohc=D5Ms3vovx8IQ7kNvwEzqUhS&_nc_oc=AdlCpxb5RmiJmpmdZmS_nk69a9yNKnQwN5V5KqLGv7JR-qSREwW0rw_jDyVkxo94OhU&_nc_zt=23&_nc_ht=scontent.fsyd14-1.fna&_nc_gid=g-MhqIncLVnS1LAT_aaf_g&oh=00_AfnmO2ywR6P-RonARYoixI_DJrMuBXfn4NQ0dQ17QABYfw&oe=6935413C","AU$11,999","2004 Honda integra","Sydney, NSW","147K km"
"https://www.facebook.com/marketplace/item/1336466081001036/?ref=category_feed&referral_code=undefined&referral_story_type=listing&tracking=%7B%22qid%22%3A%22-7856604107896224898%22%2C%22mf_story_key%22%3A%2225675194565406479%22%2C%22commerce_rank_obj%22%3A%22%7B%5C%22target_id%5C%22%3A25675194565406479%2C%5C%22target_type%5C%22%3A0%2C%5C%22primary_position%5C%22%3A53%2C%5C%22ranking_signature%5C%22%3A5467655871843466264%2C%5C%22ranking_request_id%5C%22%3A5693097433627713237%2C%5C%22commerce_channel%5C%22%3A504%2C%5C%22value%5C%22%3A1.3826857115145e-5%2C%5C%22candidate_retrieval_source_map%5C%22%3A%7B%5C%2225675194565406479%5C%22%3A111%7D%7D%22%7D&__tn__=!%3AD","https://scontent.fsyd14-1.fna.fbcdn.net/v/t39.30808-6/586398708_3623059764491647_2481006535803217019_n.jpg?stp=c0.169.1536.1536a_dst-jpg_s261x260_tt6&_nc_cat=100&_nc_cb=99be929b-f3b7c874&ccb=1-7&_nc_sid=454cf4&_nc_ohc=fme1vh9b-xoQ7kNvwH1KSfW&_nc_oc=Adnr4kBulgdk84KvH7VFW0JzL1bsMIJiTAqcrZVvcuyxhvNKFucq6qMfaqw_P2dbuEY&_nc_zt=23&_nc_ht=scontent.fsyd14-1.fna&_nc_gid=g-MhqIncLVnS1LAT_aaf_g&oh=00_AfmFd4dtURqznzFIR0un-EfE0gftP48yGUtRc-iDKLr1dg&oe=69355184","AU$4,700","2014 Honda crf 450r","Sydney, NSW",""
"https://www.facebook.com/marketplace/item/1740035449971765/?ref=category_feed&referral_code=undefined&referral_story_type=listing&tracking=%7B%22qid%22%3A%22-7856603558336801460%22%2C%22mf_story_key%22%3A%2225403036859292858%22%2C%22commerce_rank_obj%22%3A%22%7B%5C%22target_id%5C%22%3A25403036859292858%2C%5C%22target_type%5C%22%3A0%2C%5C%22primary_position%5C%22%3A54%2C%5C%22ranking_signature%5C%22%3A5467655871843466264%2C%5C%22ranking_request_id%5C%22%3A5693097433627713237%2C%5C%22commerce_channel%5C%22%3A504%2C%5C%22value%5C%22%3A2.1776918515283e-5%2C%5C%22candidate_retrieval_source_map%5C%22%3A%7B%5C%2225403036859292858%5C%22%3A111%7D%7D%22%7D&__tn__=!%3AD","https://scontent.fsyd14-1.fna.fbcdn.net/v/t39.84726-6/587948399_1484144599550622_5074384014815059199_n.jpg?stp=c43.0.260.260a_dst-jpg_p261x260_tt6&_nc_cat=105&ccb=1-7&_nc_sid=92e707&_nc_ohc=SmHipJpIKZMQ7kNvwFVmFGE&_nc_oc=AdmzfL5cmOCu-GYqPAm5sFxnPTkty5H42f1ZQqF1dyTiq_mAysDaXwZXmsJC_2VFZaQ&_nc_zt=14&_nc_ht=scontent.fsyd14-1.fna&_nc_gid=3C5czNv0wYL9L6Doy6OfmQ&oh=00_AflVmta4VGh00uUFq1X1a18QKQZyLRTWOUB0oymNWadeuA&oe=69355498","AU$2,100","2018 Honda cb125e","Sydney, NSW","13K km"
"https://www.facebook.com/marketplace/item/1199950088704144/?ref=category_feed&referral_code=undefined&referral_story_type=listing&tracking=%7B%22qid%22%3A%22-7856603558336801460%22%2C%22mf_story_key%22%3A%2225687289910868824%22%2C%22commerce_rank_obj%22%3A%22%7B%5C%22target_id%5C%22%3A25687289910868824%2C%5C%22target_type%5C%22%3A0%2C%5C%22primary_position%5C%22%3A57%2C%5C%22ranking_signature%5C%22%3A5467655871843466264%2C%5C%22ranking_request_id%5C%22%3A5693097433627713237%2C%5C%22commerce_channel%5C%22%3A504%2C%5C%22value%5C%22%3A5.2735367645528e-5%2C%5C%22candidate_retrieval_source_map%5C%22%3A%7B%5C%2225687289910868824%5C%22%3A111%7D%7D%22%7D&__tn__=!%3AD","https://scontent.fsyd14-1.fna.fbcdn.net/v/t39.30808-6/586868935_10163115822499526_2361432857223480232_n.jpg?stp=c156.0.894.894a_dst-jpg_s261x260_tt6&_nc_cat=107&_nc_cb=99be929b-f3b7c874&ccb=1-7&_nc_sid=454cf4&_nc_ohc=M_8ZMgUD1bIQ7kNvwEarpYz&_nc_oc=AdktOQrpwM-D4B96Di3C1mbDwNIRV0PQ_ijIqEfr73DY3uixI3MBOQoHD2gma4lPtfo&_nc_zt=23&_nc_ht=scontent.fsyd14-1.fna&_nc_gid=3C5czNv0wYL9L6Doy6OfmQ&oh=00_AfmCnjBqiIkUn_NWt45E6jPjauGP34H2W43r3mvA6P7U6w&oe=6935524F","AU$38,000","2023 Honda zr-v e:hev lx (hybrid)","Sydney, NSW","51K km"
"https://www.facebook.com/marketplace/item/2671504329884002/?ref=category_feed&referral_code=undefined&referral_story_type=listing&tracking=%7B%22qid%22%3A%22-7856603558336801460%22%2C%22mf_story_key%22%3A%2225622122664058797%22%2C%22commerce_rank_obj%22%3A%22%7B%5C%22target_id%5C%22%3A25622122664058797%2C%5C%22target_type%5C%22%3A0%2C%5C%22primary_position%5C%22%3A58%2C%5C%22ranking_signature%5C%22%3A5467655871843466264%2C%5C%22ranking_request_id%5C%22%3A5693097433627713237%2C%5C%22commerce_channel%5C%22%3A504%2C%5C%22value%5C%22%3A5.1908816409487e-5%2C%5C%22candidate_retrieval_source_map%5C%22%3A%7B%5C%2225622122664058797%5C%22%3A111%7D%7D%22%7D&__tn__=!%3AD","https://scontent.fsyd14-1.fna.fbcdn.net/v/t39.30808-6/585676003_32452053981106446_2405752901162884146_n.jpg?stp=c0.169.1537.1537a_dst-jpg_s261x260_tt6&_nc_cat=106&_nc_cb=99be929b-f3b7c874&ccb=1-7&_nc_sid=454cf4&_nc_ohc=LsDUTl5Y1ncQ7kNvwGukcy0&_nc_oc=AdmN7MamJ-kjhLcdbsQABLRbKK8pdqBhfEZ61DEJcuhEuMbMcVSf8bHLNEzJrP_4za0&_nc_zt=23&_nc_ht=scontent.fsyd14-1.fna&_nc_gid=3C5czNv0wYL9L6Doy6OfmQ&oh=00_Afkgo4QPlvo6WRAOgU4Dnrp5Qp5zbobO9SeqBOBiIhlKgQ&oe=69353E1E","AU$3,999","2000 Honda civic","Sydney, NSW","230K km"
"https://www.facebook.com/marketplace/item/1265236762323659/?ref=category_feed&referral_code=undefined&referral_story_type=listing&tracking=%7B%22qid%22%3A%22-7856603558336801460%22%2C%22mf_story_key%22%3A%2225650916021172015%22%2C%22commerce_rank_obj%22%3A%22%7B%5C%22target_id%5C%22%3A25650916021172015%2C%5C%22target_type%5C%22%3A0%2C%5C%22primary_position%5C%22%3A59%2C%5C%22ranking_signature%5C%22%3A5467655871843466264%2C%5C%22ranking_request_id%5C%22%3A5693097433627713237%2C%5C%22commerce_channel%5C%22%3A504%2C%5C%22value%5C%22%3A1.2787896270324e-5%2C%5C%22candidate_retrieval_source_map%5C%22%3A%7B%5C%2225650916021172015%5C%22%3A111%7D%7D%22%7D&__tn__=!%3AD","https://scontent.fsyd14-1.fna.fbcdn.net/v/t39.30808-6/587835228_4153097075001586_342341630704112229_n.jpg?stp=c0.169.1536.1536a_dst-jpg_s261x260_tt6&_nc_cat=105&_nc_cb=99be929b-f3b7c874&ccb=1-7&_nc_sid=454cf4&_nc_ohc=jc27kK-cbw4Q7kNvwGZjli4&_nc_oc=Adkp16_tRO6zrIYfV6N6eo1zrAgeHVXqAf7JwSH1I2ArQHXuCrVaLggN2B3sdXtzfec&_nc_zt=23&_nc_ht=scontent.fsyd14-1.fna&_nc_gid=3C5czNv0wYL9L6Doy6OfmQ&oh=00_Afm2HB5koDkuWT6l3I7jgQvhJnP120L-WwScc-4koow40w&oe=693552F0","AU$18,000","2015 Honda hr-v","Sydney, NSW","126K km"
"https://www.facebook.com/marketplace/item/1540222650458895/?ref=category_feed&referral_code=undefined&referral_story_type=listing&tracking=%7B%22qid%22%3A%22-7856603558336801460%22%2C%22mf_story_key%22%3A%2224890319100667190%22%2C%22commerce_rank_obj%22%3A%22%7B%5C%22target_id%5C%22%3A24890319100667190%2C%5C%22target_type%5C%22%3A0%2C%5C%22primary_position%5C%22%3A62%2C%5C%22ranking_signature%5C%22%3A5467655871843466264%2C%5C%22ranking_request_id%5C%22%3A5693097433627713237%2C%5C%22commerce_channel%5C%22%3A504%2C%5C%22value%5C%22%3A9.2635877081193e-5%2C%5C%22candidate_retrieval_source_map%5C%22%3A%7B%5C%2224890319100667190%5C%22%3A111%7D%7D%22%7D&__tn__=!%3AD","https://scontent.fsyd14-1.fna.fbcdn.net/v/t39.30808-6/586305208_10215571869646081_8686442484762638258_n.jpg?stp=c213.0.418.418a_dst-jpg_s261x260_tt6&_nc_cat=104&_nc_cb=99be929b-f3b7c874&ccb=1-7&_nc_sid=454cf4&_nc_ohc=dkiuSq4cdQAQ7kNvwHOaseI&_nc_oc=Adly2cmniTc3qXd_33Fjs0mCnB9BDofF43iafUieVnfc-CO7RQfec-29tEJDBaQMEEU&_nc_zt=23&_nc_ht=scontent.fsyd14-1.fna&_nc_gid=3C5czNv0wYL9L6Doy6OfmQ&oh=00_AflKSGa1YhLDG7wLXVdfLUtf0LNPNlL52TbazrHdP9A6dg&oe=69356642","AU$20,000","2017 Honda civic","Sydney, NSW","75K km"
"https://www.facebook.com/marketplace/item/1920444225485860/?ref=category_feed&referral_code=undefined&referral_story_type=listing&tracking=%7B%22qid%22%3A%22-7856603558336801460%22%2C%22mf_story_key%22%3A%2232886052824326507%22%2C%22commerce_rank_obj%22%3A%22%7B%5C%22target_id%5C%22%3A32886052824326507%2C%5C%22target_type%5C%22%3A0%2C%5C%22primary_position%5C%22%3A64%2C%5C%22ranking_signature%5C%22%3A5467655871843466264%2C%5C%22ranking_request_id%5C%22%3A5693097433627713237%2C%5C%22commerce_channel%5C%22%3A504%2C%5C%22value%5C%22%3A5.4453233854137e-6%2C%5C%22candidate_retrieval_source_map%5C%22%3A%7B%5C%2232886052824326507%5C%22%3A111%7D%7D%22%7D&__tn__=!%3AD","https://scontent.fsyd14-1.fna.fbcdn.net/v/t39.30808-6/587227314_4233807780235570_9061082566249495673_n.jpg?stp=c0.169.1537.1537a_dst-jpg_s261x260_tt6&_nc_cat=108&_nc_cb=99be929b-f3b7c874&ccb=1-7&_nc_sid=454cf4&_nc_ohc=uiufImyhj5oQ7kNvwGPopu3&_nc_oc=AdkLuNFXzZ7-dLJbo9cVA8daGerCJCtN2xjcfdYix_B1R1x7ndjHZxXGb0_9Z3yykvY&_nc_zt=23&_nc_ht=scontent.fsyd14-1.fna&_nc_gid=3C5czNv0wYL9L6Doy6OfmQ&oh=00_Afl6q5oRpPNs31D7GOwPb9YRKNRTKBsmG1ZgRcvdXCnpJA&oe=6935558A","AU$123,456","2002 Honda integra","Sydney, NSW","230K km"
"https://www.facebook.com/marketplace/item/24934738169486897/?ref=category_feed&referral_code=undefined&referral_story_type=listing&tracking=%7B%22qid%22%3A%22-7856603558336801460%22%2C%22mf_story_key%22%3A%2225632763576349535%22%2C%22commerce_rank_obj%22%3A%22%7B%5C%22target_id%5C%22%3A25632763576349535%2C%5C%22target_type%5C%22%3A0%2C%5C%22primary_position%5C%22%3A66%2C%5C%22ranking_signature%5C%22%3A5467655871843466264%2C%5C%22ranking_request_id%5C%22%3A5693097433627713237%2C%5C%22commerce_channel%5C%22%3A504%2C%5C%22value%5C%22%3A5.757324728462e-5%2C%5C%22candidate_retrieval_source_map%5C%22%3A%7B%5C%2225632763576349535%5C%22%3A111%7D%7D%22%7D&__tn__=!%3AD","https://scontent.fsyd14-1.fna.fbcdn.net/v/t39.30808-6/585398507_1391666972552308_763567074146315887_n.jpg?stp=c0.169.1537.1537a_dst-jpg_s261x260_tt6&_nc_cat=102&_nc_cb=99be929b-f3b7c874&ccb=1-7&_nc_sid=454cf4&_nc_ohc=mQQAPEBO-0UQ7kNvwEPOU6m&_nc_oc=Adn0HL_tq3pvei5sp8SS3yhSDXXdEvW-giZqlxV7rXwKJYTApuk3fQLRtVZHmUZR4uM&_nc_zt=23&_nc_ht=scontent.fsyd14-1.fna&_nc_gid=3C5czNv0wYL9L6Doy6OfmQ&oh=00_AfnWgCkgYPJkEdN__0dyn1Y4lstu9_seyvEYtbT_J7XyFw&oe=6935351C","AU$5,000","2009 Honda civic","Sydney, NSW","191K km"
"https://www.facebook.com/marketplace/item/859252783290402/?ref=category_feed&referral_code=undefined&referral_story_type=listing&tracking=%7B%22qid%22%3A%22-7856603558336801460%22%2C%22mf_story_key%22%3A%2232887453827566746%22%2C%22commerce_rank_obj%22%3A%22%7B%5C%22target_id%5C%22%3A32887453827566746%2C%5C%22target_type%5C%22%3A0%2C%5C%22primary_position%5C%22%3A69%2C%5C%22ranking_signature%5C%22%3A5467655871843466264%2C%5C%22ranking_request_id%5C%22%3A5693097433627713237%2C%5C%22commerce_channel%5C%22%3A504%2C%5C%22value%5C%22%3A2.9652123974546e-5%2C%5C%22candidate_retrieval_source_map%5C%22%3A%7B%5C%2232887453827566746%5C%22%3A111%7D%7D%22%7D&__tn__=!%3AD","https://scontent.fsyd14-1.fna.fbcdn.net/v/t39.30808-6/587188299_2000273913930944_4292179214854746422_n.jpg?stp=c256.0.1536.1536a_dst-jpg_s261x260_tt6&_nc_cat=108&_nc_cb=99be929b-f3b7c874&ccb=1-7&_nc_sid=946e27&_nc_ohc=qH-ymTr91jgQ7kNvwGMjZjK&_nc_oc=AdlMYdNoZp8cOM_Yk5n1Ucfy0ZEIlbxaVK6J5732h5PRdtR5IfA16EDTMR-EcnWK6Ck&_nc_zt=23&_nc_ht=scontent.fsyd14-1.fna&_nc_gid=3C5czNv0wYL9L6Doy6OfmQ&oh=00_AflyhTnt2kUtEmNVPQDFte1qGBIupRNvulrYfRoDeAvRJg&oe=693536E7","AU$21,500","2018 Honda civic","Sydney, NSW","140K km"